,V1,V2,V3,V4,V5,V6,V7,V8,V9,V10,V11,V12,V13,V14,V15,V16,V17,V18,V19,V20,V21,V22,V23,V24,V25,V26,V27,V28,V29,V30,V31,V32,V33,V34,V35,V36,V37,V38,V39,V40,V41,V42,V43,V44,V45,V46,V47,V48,V49,V50,V51,V52,V53,V54,V55,V56,V57,V58,V59,V60,V61,V62,V63,V64,V65,V66,V67,V68,V69,V70,V71,V72,V73,V74,V75,V76,V77,V78,V79,V80,V81,V82,V83,V84,V85,V86,V87,V88,V89,V90,V91,V92,V93,V94,V95,V96,V97,V98,V99,V100,V101,V102,V103,V104,V105,V106,V107,V108,V109,V110,V111,V112,V113,V114,V115,V116,V117,V118,V119,V120,V121,V122,V123,V124,V125,V126,V127,V128,V129,V130,V131,V132,V133,V134,V135,V136,V137,V138,V139,V140,V141,V142,V143,V144,V145,V146,V147,V148,V149,V150,V151,V152,V153,V154,V155,V156,V157,V158,V159,V160,V161,V162,V163,V164
0,0,0,0,0,0,0,0,0,0,0,0,0,0,0,0,0,0,0,0,0,0,0,0,0,0,0,0,0,0,0,0,0,0,0,0,0,0,0,0,0,0,0,0,0,0,0,0,0,0,0,0,0,0,0,0,0,0,0,0,0,0,0,0,0,0,0,0,0,0,0,0,0,0,0,0,0,0,0,0,0,0,0,0,0,0,0,0,0,0,0,0,0,0,0,0,0,0,0,0,0,0,0,0,0,0,0,0,0,0,0,0,0,0,0,0,0,0,0,0,0,0,0,0,0,0,0,0,0,0,0,0,0,0,0,0,0,0,0,0,0,0,0,0,0,0,0,0,0,0,0,0,0,0,0,0,0,0,0,0,0,0,0,0,0
1,0,0,0,0,0,0,0,0,0,0,0,0,0,0,0,0,0,0,0,0,0,0,0,0,0,0,0,0,0,0,0,0,0,0,0,0,0,0,0,0,0,0,0,0,0,0,0,0,0,0,0,0,0,0,0,0,0,0,0,0,0,0,0,0,0,0,0,0,0,0,0,0,0,0,0,0,0,0,0,0,0,0,0,0,0,0,0,0,0,0,0,0,0,0,0,0,0,0,0,0,0,0,0,0,0,0,0,0,0,0,0,0,0,0,0,0,0,0,0,0,0,0,0,0,0,0,0,0,0,0,0,0,0,0,0,0,0,0,0,0,0,0,0,0,0,0,0,0,0,0,0,0,0,0,0,0,0,0,0,0,0,0,0,0
2,0.000131128684994152,0.000265489925216133,3.86294274102508e-05,7.81551241996725e-05,0.000854876872950265,0.00173675294965101,5.31983847311765e-05,0.000108041142175913,0.000854876872950265,0.00173675294965101,5.31983847311765e-05,0.000108041142175913,0.00336269817541553,0.00682106556452726,0.000255386649134903,0.000517954895790195,0.0058689808072029,0.0118958172514412,0.000395374764933166,0.00080138508628542,0.0058689808072029,0.0118958172514412,0.000395374764933166,0.00080138508628542,0,0,0,0,0,0,0,0,0,0,0,0,0,0,0,0,0,0,0,0,0,0,0,0,0,0,0,0,0,0,0,0,0,0,0,0,0,0,0,0,0,0,0,0,0,0,0,0,0,0,0,0,0,0,0,0,0,0,0,0,0,0,0,0,0,0,0,0,0,0,0,0,0,0,0,0,0,0,0,0,0,0,0,0,0,0,0,0,0,0,0,0,0,0,0,0,0,0,0,0,0,0,0,0,0,0,0,0,0,0,0,0,0,0,0,0,0,0,0,0,0,0,0,0,0,0,0,0,0,0,0,0,0,0,0,0,0,0,0,0
3,0.000340468532245753,0.000690422542475318,0.000100341731086352,0.000203222449075913,0.0022124989588938,0.00450087463226691,0.000137884685269145,0.000280454236732247,0.0022124989588938,0.00450087463226691,0.000137884685269145,0.000280454236732247,0.00869665597622992,0.0176596661104756,0.000661504830723924,0.00134344285475091,0.0151675808393697,0.030768472741629,0.00102346509139247,0.00207713811777124,0.0151675808393697,0.030768472741629,0.00102346509139247,0.00207713811777124,0,0,0,0,0,0,0,0,0,0,0,0,0,0,0,0,0,0,0,0,0,0,0,0,0,0,0,0,0,0,0,0,0,0,0,0,0,0,0,0,0,0,0,0,0,0,0,0,0,0,0,0,0,0,0,0,0,0,0,0,0,0,0,0,0,0,0,0,0,0,0,0,0,0,0,0,0,0,0,0,0,0,0,0,0,0,0,0,0,0,0,0,0,0,0,0,0,0,0,0,0,0,0,0,0,0,0,0,0,0,0,0,0,0,0,0,0,0,0,0,0,0,0,0,0,0,0,0,0,0,0,0,0,0,0,0,0,0,0,0
4,0.000591145710592679,0.00120072060796926,0.00017430205511051,0.000353403613512842,0.00383495814363183,0.00781203182012452,0.000239817668675104,0.000488532308758021,0.00383495814363183,0.00781203182012452,0.000239817668675104,0.000488532308758021,0.0150488844783968,0.0305933096953568,0.00114699231462034,0.00233272894365616,0.0262245951507104,0.0532461485782936,0.00177310800347479,0.00360343031000043,0.0262245951507104,0.0532461485782936,0.00177310800347479,0.00360343031000043,0,0,0,0,0,0,0,0,0,0,0,0,0,0,0,0,0,0,0,0,0,0,0,0,0,0,0,0,0,0,0,0,0,0,0,0,0,0,0,0,0,0,0,0,0,0,0,0,0,0,0,0,0,0,0,0,0,0,0,0,0,0,0,0,0,0,0,0,0,0,0,0,0,0,0,0,0,0,0,0,0,0,0,0,0,0,0,0,0,0,0,0,0,0,0,0,0,0,0,0,0,0,0,0,0,0,0,0,0,0,0,0,0,0,0,0,0,0,0,0,0,0,0,0,0,0,0,0,0,0,0,0,0,0,0,0,0,0,0,0
5,0.000858020463656794,0.00174570051863684,0.000253118394710516,0.000513796255966125,0.00556502158984517,0.0113519240248377,0.000349844402506194,0.00071377900911203,0.00556502158984517,0.0113519240248377,0.000349844402506194,0.00071377900911203,0.0217812172125033,0.0443321330425969,0.00166417887548205,0.00338955709059912,0.0379206800619807,0.077067596992129,0.00256988643542913,0.00523006423411935,0.0379206800619807,0.077067596992129,0.00256988643542913,0.00523006423411935,0,0,0,0,0,0,0,0,0,0,0,0,0,0,0,0,0,0,0,0,0,0,0,0,0,0,0,0,0,0,0,0,0,0,0,0,0,0,0,0,0,0,0,0,0,0,0,0,0,0,0,0,0,0,0,0,0,0,0,0,0,0,0,0,0,0,0,0,0,0,0,0,0,0,0,0,0,0,0,0,0,0,0,0,0,0,0,0,0,0,0,0,0,0,0,0,0,0,0,0,0,0,0,0,0,0,0,0,0,0,0,0,0,0,0,0,0,0,0,0,0,0,0,0,0,0,0,0,0,0,0,0,0,0,0,0,0,0,0,0
6,0.00112444292959983,0.00229163094158911,0.000331888296225863,0.000674486169813161,0.00730182671108676,0.0149156359250503,0.000462239172811515,0.000944583887886521,0.00730182671108676,0.0149156359250503,0.000462239172811515,0.000944583887886521,0.0284793103441883,0.0580362369283885,0.00218210762043689,0.00445119237389216,0.0495292037895286,0.100761673656259,0.00336538666265506,0.00685897750579248,0.0495292037895286,0.100761673656259,0.00336538666265506,0.00685897750579248,0,0,0,0,0,0,0,0,0,0,0,0,0,0,0,0,0,0,0,0,0,0,0,0,0,0,0,0,0,0,0,0,0,0,0,0,0,0,0,0,0,0,0,0,0,0,0,0,0,0,0,0,0,0,0,0,0,0,0,0,0,0,0,0,0,0,0,0,0,0,0,0,0,0,0,0,0,0,0,0,0,0,0,0,0,0,0,0,0,0,0,0,0,0,0,0,0,0,0,0,0,0,0,0,0,0,0,0,0,0,0,0,0,0,0,0,0,0,0,0,0,0,0,0,0,0,0,0,0,0,0,0,0,0,0,0,0,0,0,0
7,0.00137983474197987,0.00281693314775012,0.00040748932994921,0.000829129741892754,0.00898341208055754,0.0183766250093723,0.000573552486896643,0.0011739149181541,0.00898341208055754,0.0183766250093723,0.000573552486896643,0.0011739149181541,0.0348861081105424,0.0711822080243299,0.00268148881593434,0.00547832949504084,0.0605998370535297,0.123413309475694,0.00412941061453917,0.00842867123492977,0.0605998370535297,0.123413309475694,0.00412941061453917,0.00842867123492977,0,0,0,0,0,0,0,0,0,0,0,0,0,0,0,0,0,0,0,0,0,0,0,0,0,0,0,0,0,0,0,0,0,0,0,0,0,0,0,0,0,0,0,0,0,0,0,0,0,0,0,0,0,0,0,0,0,0,0,0,0,0,0,0,0,0,0,0,0,0,0,0,0,0,0,0,0,0,0,0,0,0,0,0,0,0,0,0,0,0,0,0,0,0,0,0,0,0,0,0,0,0,0,0,0,0,0,0,0,0,0,0,0,0,0,0,0,0,0,0,0,0,0,0,0,0,0,0,0,0,0,0,0,0,0,0,0,0,0,0
8,0.00161790180620136,0.00330863109455137,0.000478055399335864,0.000973908094032618,0.0105742643788331,0.0216617356537607,0.000681820513003407,0.00139773228242355,0.0105742643788331,0.0216617356537607,0.000681820513003407,0.00139773228242355,0.0408535368484032,0.0834662257025426,0.00315107266187092,0.00644783765689854,0.0708739515809577,0.14449358643396,0.00484436042073384,0.00990298388716453,0.0708739515809577,0.14449358643396,0.00484436042073384,0.00990298388716453,0,0,0,0,0,0,0,0,0,0,0,0,0,0,0,0,0,0,0,0,0,0,0,0,0,0,0,0,0,0,0,0,0,0,0,0,0,0,0,0,0,0,0,0,0,0,0,0,0,0,0,0,0,0,0,0,0,0,0,0,0,0,0,0,0,0,0,0,0,0,0,0,0,0,0,0,0,0,0,0,0,0,0,0,0,0,0,0,0,0,0,0,0,0,0,0,0,0,0,0,0,0,0,0,0,0,0,0,0,0,0,0,0,0,0,0,0,0,0,0,0,0,0,0,0,0,0,0,0,0,0,0,0,0,0,0,0,0,0,0
9,0.00183532440812268,0.00375974514778438,0.000542593281869253,0.00110676088971127,0.0120565185527643,0.0247335248798611,0.00078602788605048,0.00161391002795827,0.0120565185527643,0.0247335248798611,0.00078602788605048,0.00161391002795827,0.0463076985548396,0.094734230143153,0.00358505947995595,0.00734757782493008,0.0802235726081936,0.163737165337601,0.00550121423013233,0.0112630433661004,0.0802235726081936,0.163737165337601,0.00550121423013233,0.0112630433661004,0,0,0,0,0,0,0,0,0,0,0,0,0,0,0,0,0,0,0,0,0,0,0,0,0,0,0,0,0,0,0,0,0,0,0,0,0,0,0,0,0,0,0,0,0,0,0,0,0,0,0,0,0,0,0,0,0,0,0,0,0,0,0,0,0,0,0,0,0,0,0,0,0,0,0,0,0,0,0,0,0,0,0,0,0,0,0,0,0,0,0,0,0,0,0,0,0,0,0,0,0,0,0,0,0,0,0,0,0,0,0,0,0,0,0,0,0,0,0,0,0,0,0,0,0,0,0,0,0,0,0,0,0,0,0,0,0,0,0,0
10,0.00203080523088843,0.0041673933736169,0.000600704119936283,0.00122682918501734,0.0134237993927567,0.0275778792089656,0.00088574736224877,0.00182151245353644,0.0134237993927567,0.0275778792089656,0.00088574736224877,0.00182151245353644,0.0512240028880488,0.104931998679927,0.00398126481328227,0.00817272745498534,0.0886076847060906,0.181054542246741,0.00609666309534689,0.0125015359746814,0.0886076847060906,0.181054542246741,0.00609666309534689,0.0125015359746814,0,0,0,0,0,0,0,0,0,0,0,0,0,0,0,0,0,0,0,0,0,0,0,0,0,0,0,0,0,0,0,0,0,0,0,0,0,0,0,0,0,0,0,0,0,0,0,0,0,0,0,0,0,0,0,0,0,0,0,0,0,0,0,0,0,0,0,0,0,0,0,0,0,0,0,0,0,0,0,0,0,0,0,0,0,0,0,0,0,0,0,0,0,0,0,0,0,0,0,0,0,0,0,0,0,0,0,0,0,0,0,0,0,0,0,0,0,0,0,0,0,0,0,0,0,0,0,0,0,0,0,0,0,0,0,0,0,0,0,0
11,0.00220438377536859,0.00453142008534949,0.000652382904917288,0.00133405361443825,0.0146769592099062,0.0301954321534891,0.000980901855291931,0.00202031600259114,0.0146769592099062,0.0301954321534891,0.000980901855291931,0.00202031600259114,0.0556095727947229,0.114069787864142,0.00433983108246922,0.00892319655553398,0.0960412551493678,0.196469804337297,0.00663109130373732,0.0136186579390358,0.0960412551493678,0.196469804337297,0.00663109130373732,0.0136186579390358,0,0,0,0,0,0,0,0,0,0,0,0,0,0,0,0,0,0,0,0,0,0,0,0,0,0,0,0,0,0,0,0,0,0,0,0,0,0,0,0,0,0,0,0,0,0,0,0,0,0,0,0,0,0,0,0,0,0,0,0,0,0,0,0,0,0,0,0,0,0,0,0,0,0,0,0,0,0,0,0,0,0,0,0,0,0,0,0,0,0,0,0,0,0,0,0,0,0,0,0,0,0,0,0,0,0,0,0,0,0,0,0,0,0,0,0,0,0,0,0,0,0,0,0,0,0,0,0,0,0,0,0,0,0,0,0,0,0,0,0
12,0.00235694775393469,0.00485341495869069,0.000697875550991493,0.00142888735252551,0.0158211665235474,0.0325956915042212,0.00107161030772341,0.00221049931270618,0.0158211665235474,0.0325956915042212,0.00107161030772341,0.00221049931270618,0.0594909410523896,0.122197571521824,0.00466233277991734,0.00960182975608774,0.102573525074135,0.210076960163224,0.00710716644263457,0.0146192835439178,0.102573525074135,0.210076960163224,0.00710716644263457,0.0146192835439178,0,0,0,0,0,0,0,0,0,0,0,0,0,0,0,0,0,0,0,0,0,0,0,0,0,0,0,0,0,0,0,0,0,0,0,0,0,0,0,0,0,0,0,0,0,0,0,0,0,0,0,0,0,0,0,0,0,0,0,0,0,0,0,0,0,0,0,0,0,0,0,0,0,0,0,0,0,0,0,0,0,0,0,0,0,0,0,0,0,0,0,0,0,0,0,0,0,0,0,0,0,0,0,0,0,0,0,0,0,0,0,0,0,0,0,0,0,0,0,0,0,0,0,0,0,0,0,0,0,0,0,0,0,0,0,0,0,0,0,0
13,0.00248988918030694,0.00513601975178632,0.00073757822935862,0.00151209340385328,0.0168639497888287,0.0347930836613981,0.00115809031413777,0.00239244707855721,0.0168639497888287,0.0347930836613981,0.00115809031413777,0.00239244707855721,0.0629055704037939,0.12938793944323,0.00495116331674082,0.0102131712618679,0.108273012860731,0.222009722884841,0.00752886784261807,0.0155110085884033,0.108273012860731,0.222009722884841,0.00752886784261807,0.0155110085884033,0,0,0,0,0,0,0,0,0,0,0,0,0,0,0,0,0,0,0,0,0,0,0,0,0,0,0,0,0,0,0,0,0,0,0,0,0,0,0,0,0,0,0,0,0,0,0,0,0,0,0,0,0,0,0,0,0,0,0,0,0,0,0,0,0,0,0,0,0,0,0,0,0,0,0,0,0,0,0,0,0,0,0,0,0,0,0,0,0,0,0,0,0,0,0,0,0,0,0,0,0,0,0,0,0,0,0,0,0,0,0,0,0,0,0,0,0,0,0,0,0,0,0,0,0,0,0,0,0,0,0,0,0,0,0,0,0,0,0,0
14,0.0026048660439237,0.00538244549095181,0.00077196751636777,0.00158460348186736,0.017813910384369,0.0368043426877779,0.00124059862559373,0.00256662988172616,0.017813910384369,0.0368043426877779,0.00124059862559373,0.00256662988172616,0.0658961169543929,0.135724496436322,0.00520912208321648,0.0107626303310434,0.113217345128109,0.23242097348349,0.00790082823813611,0.0163028199759541,0.113217345128109,0.23242097348349,0.00790082823813611,0.0163028199759541,0,0,0,0,0,0,0,0,0,0,0,0,0,0,0,0,0,0,0,0,0,0,0,0,0,0,0,0,0,0,0,0,0,0,0,0,0,0,0,0,0,0,0,0,0,0,0,0,0,0,0,0,0,0,0,0,0,0,0,0,0,0,0,0,0,0,0,0,0,0,0,0,0,0,0,0,0,0,0,0,0,0,0,0,0,0,0,0,0,0,0,0,0,0,0,0,0,0,0,0,0,0,0,0,0,0,0,0,0,0,0,0,0,0,0,0,0,0,0,0,0,0,0,0,0,0,0,0,0,0,0,0,0,0,0,0,0,0,0,0
15,0.00270364047084816,0.00559614261751394,0.000801552854179486,0.00164742157390363,0.01867989993874,0.0386468335574707,0.0013193965116031,0.00273353388298571,0.01867989993874,0.0386468335574707,0.0013193965116031,0.00273353388298571,0.0685066454911559,0.141294179449302,0.00543914272346284,0.0112559296389669,0.117486531946527,0.241469135795944,0.00822789759538154,0.0170042101422514,0.117486531946527,0.241469135795944,0.00822789759538154,0.0170042101422514,0,0,0,0,0,0,0,0,0,0,0,0,0,0,0,0,0,0,0,0,0,0,0,0,0,0,0,0,0,0,0,0,0,0,0,0,0,0,0,0,0,0,0,0,0,0,0,0,0,0,0,0,0,0,0,0,0,0,0,0,0,0,0,0,0,0,0,0,0,0,0,0,0,0,0,0,0,0,0,0,0,0,0,0,0,0,0,0,0,0,0,0,0,0,0,0,0,0,0,0,0,0,0,0,0,0,0,0,0,0,0,0,0,0,0,0,0,0,0,0,0,0,0,0,0,0,0,0,0,0,0,0,0,0,0,0,0,0,0,0
16,0.00278797183587634,0.0057805814324097,0.000826845041377527,0.00170155968504921,0.0194705160333273,0.0403375170554992,0.00139473108856728,0.0028936225659003,0.0194705160333273,0.0403375170554992,0.00139473108856728,0.0028936225659003,0.0707802201113431,0.146182339530457,0.0056441200940593,0.011698751695783,0.121158675755797,0.249309441474276,0.00851486316015312,0.0176246049332369,0.121158675755797,0.249309441474276,0.00851486316015312,0.0176246049332369,0,0,0,0,0,0,0,0,0,0,0,0,0,0,0,0,0,0,0,0,0,0,0,0,0,0,0,0,0,0,0,0,0,0,0,0,0,0,0,0,0,0,0,0,0,0,0,0,0,0,0,0,0,0,0,0,0,0,0,0,0,0,0,0,0,0,0,0,0,0,0,0,0,0,0,0,0,0,0,0,0,0,0,0,0,0,0,0,0,0,0,0,0,0,0,0,0,0,0,0,0,0,0,0,0,0,0,0,0,0,0,0,0,0,0,0,0,0,0,0,0,0,0,0,0,0,0,0,0,0,0,0,0,0,0,0,0,0,0,0
17,0.00285954896969434,0.00593911133838692,0.000848336133386976,0.00174799654821429,0.0201938130539541,0.0418923492998385,0.00146682662072877,0.00304731852944543,0.0201938130539541,0.0418923492998385,0.00146682662072877,0.00304731852944543,0.0727574523704782,0.150469752577084,0.00582680541264631,0.0120965224476707,0.124307379777508,0.256088615384385,0.00876627818930618,0.0181730101338586,0.124307379777508,0.256088615384385,0.00876627818930618,0.0181730101338586,0,0,0,0,0,0,0,0,0,0,0,0,0,0,0,0,0,0,0,0,0,0,0,0,0,0,0,0,0,0,0,0,0,0,0,0,0,0,0,0,0,0,0,0,0,0,0,0,0,0,0,0,0,0,0,0,0,0,0,0,0,0,0,0,0,0,0,0,0,0,0,0,0,0,0,0,0,0,0,0,0,0,0,0,0,0,0,0,0,0,0,0,0,0,0,0,0,0,0,0,0,0,0,0,0,0,0,0,0,0,0,0,0,0,0,0,0,0,0,0,0,0,0,0,0,0,0,0,0,0,0,0,0,0,0,0,0,0,0,0
18,0.00291994984910606,0.00607487574004376,0.00086648737237258,0.0017876525473235,0.0208571557607031,0.0433259704899334,0.00153588181278794,0.0031949973597361,0.0208571557607031,0.0433259704899334,0.00153588181278794,0.0031949973597361,0.074475706108474,0.154230956347175,0.00598974786249764,0.0124542886317555,0.127000325642209,0.261941919457036,0.00898636528518966,0.018657808590381,0.127000325642209,0.261941919457036,0.00898636528518966,0.018657808590381,0,0,0,0,0,0,0,0,0,0,0,0,0,0,0,0,0,0,0,0,0,0,0,0,0,0,0,0,0,0,0,0,0,0,0,0,0,0,0,0,0,0,0,0,0,0,0,0,0,0,0,0,0,0,0,0,0,0,0,0,0,0,0,0,0,0,0,0,0,0,0,0,0,0,0,0,0,0,0,0,0,0,0,0,0,0,0,0,0,0,0,0,0,0,0,0,0,0,0,0,0,0,0,0,0,0,0,0,0,0,0,0,0,0,0,0,0,0,0,0,0,0,0,0,0,0,0,0,0,0,0,0,0,0,0,0,0,0,0,0
19,0.00297062031631987,0.0061907656982208,0.000881722687090548,0.00182137592968233,0.0214671652113567,0.0446515816536172,0.00160207049826794,0.00333698838271196,0.0214671652113567,0.0446515816536172,0.00160207049826794,0.00333698838271196,0.0759687438525902,0.157533482430158,0.00613526726733496,0.0127766580963985,0.129298639867085,0.266991792522661,0.00917897005108162,0.019086659352408,0.129298639867085,0.266991792522661,0.00917897005108162,0.019086659352408,0,0,0,0,0,0,0,0,0,0,0,0,0,0,0,0,0,0,0,0,0,0,0,0,0,0,0,0,0,0,0,0,0,0,0,0,0,0,0,0,0,0,0,0,0,0,0,0,0,0,0,0,0,0,0,0,0,0,0,0,0,0,0,0,0,0,0,0,0,0,0,0,0,0,0,0,0,0,0,0,0,0,0,0,0,0,0,0,0,0,0,0,0,0,0,0,0,0,0,0,0,0,0,0,0,0,0,0,0,0,0,0,0,0,0,0,0,0,0,0,0,0,0,0,0,0,0,0,0,0,0,0,0,0,0,0,0,0,0,0
20,0.00301286571331037,0.00628940006903496,0.000894425984354099,0.00184993673891226,0.0220297223893589,0.0458809396326866,0.00166554406983045,0.00347357898383648,0.0220297223893589,0.0458809396326866,0.00166554406983045,0.00347357898383648,0.0772666622699279,0.160437676881029,0.00626544703078372,0.0130677814241754,0.131256778558142,0.271347542949051,0.0093475478935195,0.0194664644057208,0.131256778558142,0.271347542949051,0.0093475478935195,0.0194664644057208,0,0,0,0,0,0,0,0,0,0,0,0,0,0,0,0,0,0,0,0,0,0,0,0,0,0,0,0,0,0,0,0,0,0,0,0,0,0,0,0,0,0,0,0,0,0,0,0,0,0,0,0,0,0,0,0,0,0,0,0,0,0,0,0,0,0,0,0,0,0,0,0,0,0,0,0,0,0,0,0,0,0,0,0,0,0,0,0,0,0,0,0,0,0,0,0,0,0,0,0,0,0,0,0,0,0,0,0,0,0,0,0,0,0,0,0,0,0,0,0,0,0,0,0,0,0,0,0,0,0,0,0,0,0,0,0,0,0,0,0
21,0.00304785104400931,0.00637312328731973,0.000904940955727844,0.00187402590037201,0.0225500060077306,0.0470244228282809,0.00172643463030894,0.00360502044537993,0.0225500060077306,0.0470244228282809,0.00172643463030894,0.00360502044537993,0.0783960095886747,0.162996894070245,0.00638213982361424,0.0133313597528701,0.132922739670643,0.275105710756342,0.00949517193180057,0.0198033787965186,0.132922739670643,0.275105710756342,0.00949517193180057,0.0198033787965186,0,0,0,0,0,0,0,0,0,0,0,0,0,0,0,0,0,0,0,0,0,0,0,0,0,0,0,0,0,0,0,0,0,0,0,0,0,0,0,0,0,0,0,0,0,0,0,0,0,0,0,0,0,0,0,0,0,0,0,0,0,0,0,0,0,0,0,0,0,0,0,0,0,0,0,0,0,0,0,0,0,0,0,0,0,0,0,0,0,0,0,0,0,0,0,0,0,0,0,0,0,0,0,0,0,0,0,0,0,0,0,0,0,0,0,0,0,0,0,0,0,0,0,0,0,0,0,0,0,0,0,0,0,0,0,0,0,0,0,0
22,0.00307660654568881,0.0064440144817933,0.000913572491430397,0.0018942576266685,0.0230325487731375,0.0480911358945195,0.00178485826135106,0.00373153408754681,0.0230325487731375,0.0480911358945195,0.00178485826135106,0.00373153408754681,0.0793800107382863,0.165257913988819,0.00648698085103924,0.0135706683793765,0.134338470124011,0.278350831845636,0.00962455366638659,0.0201028473131615,0.134338470124011,0.278350831845636,0.00962455366638659,0.0201028473131615,0,0,0,0,0,0,0,0,0,0,0,0,0,0,0,0,0,0,0,0,0,0,0,0,0,0,0,0,0,0,0,0,0,0,0,0,0,0,0,0,0,0,0,0,0,0,0,0,0,0,0,0,0,0,0,0,0,0,0,0,0,0,0,0,0,0,0,0,0,0,0,0,0,0,0,0,0,0,0,0,0,0,0,0,0,0,0,0,0,0,0,0,0,0,0,0,0,0,0,0,0,0,0,0,0,0,0,0,0,0,0,0,0,0,0,0,0,0,0,0,0,0,0,0,0,0,0,0,0,0,0,0,0,0,0,0,0,0,0,0
23,0.00310003647846124,0.00650390346356892,0.000920589062540159,0.0019111738494729,0.0234813018382153,0.0490890324991389,0.0018409180776266,0.00385331704158383,0.0234813018382153,0.0490890324991389,0.0018409180776266,0.00385331704158383,0.0802388495325714,0.167261480467697,0.00658140520039776,0.0137885890661216,0.135540376837027,0.281156420625803,0.009738070697825,0.020369656168265,0.135540376837027,0.281156420625803,0.009738070697825,0.020369656168265,0,0,0,0,0,0,0,0,0,0,0,0,0,0,0,0,0,0,0,0,0,0,0,0,0,0,0,0,0,0,0,0,0,0,0,0,0,0,0,0,0,0,0,0,0,0,0,0,0,0,0,0,0,0,0,0,0,0,0,0,0,0,0,0,0,0,0,0,0,0,0,0,0,0,0,0,0,0,0,0,0,0,0,0,0,0,0,0,0,0,0,0,0,0,0,0,0,0,0,0,0,0,0,0,0,0,0,0,0,0,0,0,0,0,0,0,0,0,0,0,0,0,0,0,0,0,0,0,0,0,0,0,0,0,0,0,0,0,0,0
24,0.00311892961633736,0.00655439048293402,0.000926225628210084,0.00192524977625773,0.0238997009268848,0.0500250428249478,0.00189470690592163,0.00397054732581678,0.0238997009268848,0.0500250428249478,0.00189470690592163,0.00397054732581678,0.0809899740270888,0.169042891485752,0.00666666694589874,0.0139876463255422,0.136559880642529,0.283586047263411,0.00983779766390712,0.0206079918821013,0.136559880642529,0.283586047263411,0.00983779766390712,0.0206079918821013,0,0,0,0,0,0,0,0,0,0,0,0,0,0,0,0,0,0,0,0,0,0,0,0,0,0,0,0,0,0,0,0,0,0,0,0,0,0,0,0,0,0,0,0,0,0,0,0,0,0,0,0,0,0,0,0,0,0,0,0,0,0,0,0,0,0,0,0,0,0,0,0,0,0,0,0,0,0,0,0,0,0,0,0,0,0,0,0,0,0,0,0,0,0,0,0,0,0,0,0,0,0,0,0,0,0,0,0,0,0,0,0,0,0,0,0,0,0,0,0,0,0,0,0,0,0,0,0,0,0,0,0,0,0,0,0,0,0,0,0
25,0.00313397041069042,0.00659686763107025,0.000930686765941495,0.00193689995482736,0.0242907301792647,0.05090519764964,0.00194630953310968,0.00408338810527536,0.0242907301792647,0.05090519764964,0.00194630953310968,0.00408338810527536,0.0816484030646651,0.170632596620148,0.0067438585099277,0.0141700446097462,0.137423973258473,0.285694428393161,0.00992553788620036,0.0208215022260183,0.137423973258473,0.285694428393161,0.00992553788620036,0.0208215022260183,0,0,0,0,0,0,0,0,0,0,0,0,0,0,0,0,0,0,0,0,0,0,0,0,0,0,0,0,0,0,0,0,0,0,0,0,0,0,0,0,0,0,0,0,0,0,0,0,0,0,0,0,0,0,0,0,0,0,0,0,0,0,0,0,0,0,0,0,0,0,0,0,0,0,0,0,0,0,0,0,0,0,0,0,0,0,0,0,0,0,0,0,0,0,0,0,0,0,0,0,0,0,0,0,0,0,0,0,0,0,0,0,0,0,0,0,0,0,0,0,0,0,0,0,0,0,0,0,0,0,0,0,0,0,0,0,0,0,0,0
26,0.00314575014651929,0.0066325404705055,0.000934149824381727,0.00194648443304155,0.0246569814842039,0.0517347443215634,0.00199580452776761,0.00419199113768621,0.0246569814842039,0.0517347443215634,0.00199580452776761,0.00419199113768621,0.0822270203370085,0.172056773439807,0.00681392935026607,0.0143377044794885,0.138155752400505,0.287528480127109,0.0100028541421902,0.0210133559481182,0.138155752400505,0.287528480127109,0.0100028541421902,0.0210133559481182,0,0,0,0,0,0,0,0,0,0,0,0,0,0,0,0,0,0,0,0,0,0,0,0,0,0,0,0,0,0,0,0,0,0,0,0,0,0,0,0,0,0,0,0,0,0,0,0,0,0,0,0,0,0,0,0,0,0,0,0,0,0,0,0,0,0,0,0,0,0,0,0,0,0,0,0,0,0,0,0,0,0,0,0,0,0,0,0,0,0,0,0,0,0,0,0,0,0,0,0,0,0,0,0,0,0,0,0,0,0,0,0,0,0,0,0,0,0,0,0,0,0,0,0,0,0,0,0,0,0,0,0,0,0,0,0,0,0,0,0
27,0.00315477766027983,0.00666244898300055,0.000936767970252536,0.00195431474708707,0.0250007082020879,0.0525182522522207,0.00204326567267657,0.00429649947424153,0.0250007082020879,0.0525182522522207,0.00204326567267657,0.00429649947424153,0.0827368480328647,0.173337866243601,0.00687770343231562,0.0144922966138471,0.138774920464175,0.289128303067747,0.0100710976186283,0.0211862992961886,0.138774920464175,0.289128303067747,0.0100710976186283,0.0211862992961886,0,0,0,0,0,0,0,0,0,0,0,0,0,0,0,0,0,0,0,0,0,0,0,0,0,0,0,0,0,0,0,0,0,0,0,0,0,0,0,0,0,0,0,0,0,0,0,0,0,0,0,0,0,0,0,0,0,0,0,0,0,0,0,0,0,0,0,0,0,0,0,0,0,0,0,0,0,0,0,0,0,0,0,0,0,0,0,0,0,0,0,0,0,0,0,0,0,0,0,0,0,0,0,0,0,0,0,0,0,0,0,0,0,0,0,0,0,0,0,0,0,0,0,0,0,0,0,0,0,0,0,0,0,0,0,0,0,0,0,0
28,0.00316148936251804,0.00668748728023967,0.000938673051787345,0.00196065957475316,0.0253238729091557,0.0532597070337534,0.00208876306015342,0.00439704951368796,0.0253238729091557,0.0532597070337534,0.00208876306015342,0.00439704951368796,0.0831872960434038,0.174495078454262,0.00693589520770763,0.01463527305422,0.139298239264203,0.290528083318692,0.0101314345371578,0.021342708237514,0.139298239264203,0.290528083318692,0.0101314345371578,0.021342708237514,0,0,0,0,0,0,0,0,0,0,0,0,0,0,0,0,0,0,0,0,0,0,0,0,0,0,0,0,0,0,0,0,0,0,0,0,0,0,0,0,0,0,0,0,0,0,0,0,0,0,0,0,0,0,0,0,0,0,0,0,0,0,0,0,0,0,0,0,0,0,0,0,0,0,0,0,0,0,0,0,0,0,0,0,0,0,0,0,0,0,0,0,0,0,0,0,0,0,0,0,0,0,0,0,0,0,0,0,0,0,0,0,0,0,0,0,0,0,0,0,0,0,0,0,0,0,0,0,0,0,0,0,0,0,0,0,0,0,0,0
29,0.00316625842928576,0.00670842177121286,0.000939978236299374,0.00196574996205458,0.0256281892451788,0.0539625932175277,0.00213236390612183,0.00449377251692724,0.0256281892451788,0.0539625932175277,0.00213236390612183,0.00449377251692724,0.0835863852855884,0.175544815258466,0.00698912399340276,0.0147678954289166,0.139739938032023,0.291756903069896,0.0101848702342068,0.0214846358697443,0.139739938032023,0.291756903069896,0.0101848702342068,0.0214846358697443,0,0,0,0,0,0,0,0,0,0,0,0,0,0,0,0,0,0,0,0,0,0,0,0,0,0,0,0,0,0,0,0,0,0,0,0,0,0,0,0,0,0,0,0,0,0,0,0,0,0,0,0,0,0,0,0,0,0,0,0,0,0,0,0,0,0,0,0,0,0,0,0,0,0,0,0,0,0,0,0,0,0,0,0,0,0,0,0,0,0,0,0,0,0,0,0,0,0,0,0,0,0,0,0,0,0,0,0,0,0,0,0,0,0,0,0,0,0,0,0,0,0,0,0,0,0,0,0,0,0,0,0,0,0,0,0,0,0,0,0
30,0.00316940310826741,0.00672590765025827,0.000940780403529096,0.00196978408082691,0.0259151582092111,0.0546299663387415,0.00217413313665936,0.00458679568565463,0.0259151582092111,0.0546299663387415,0.00217413313665936,0.00458679568565463,0.0839409453706187,0.176501076505003,0.00703792675571245,0.0148912601318261,0.140112074925661,0.292839460578775,0.0102322706663347,0.0216138549068458,0.140112074925661,0.292839460578775,0.0102322706663347,0.0216138549068458,0,0,0,0,0,0,0,0,0,0,0,0,0,0,0,0,0,0,0,0,0,0,0,0,0,0,0,0,0,0,0,0,0,0,0,0,0,0,0,0,0,0,0,0,0,0,0,0,0,0,0,0,0,0,0,0,0,0,0,0,0,0,0,0,0,0,0,0,0,0,0,0,0,0,0,0,0,0,0,0,0,0,0,0,0,0,0,0,0,0,0,0,0,0,0,0,0,0,0,0,0,0,0,0,0,0,0,0,0,0,0,0,0,0,0,0,0,0,0,0,0,0,0,0,0,0,0,0,0,0,0,0,0,0,0,0,0,0,0,0
31,0.00317119413967443,0.00674050368331839,0.000941162292397252,0.00197293150793043,0.0261860993863212,0.0552645150681206,0.0022141337954034,0.00467624289847358,0.0261860993863212,0.0552645150681206,0.0022141337954034,0.00467624289847358,0.0842567878666608,0.177375801994901,0.00708276937097769,0.0150063205690853,0.140424854194734,0.293796703267954,0.0102743814305129,0.02173189537082,0.140424854194734,0.293796703267954,0.0102743814305129,0.02173189537082,0,0,0,0,0,0,0,0,0,0,0,0,0,0,0,0,0,0,0,0,0,0,0,0,0,0,0,0,0,0,0,0,0,0,0,0,0,0,0,0,0,0,0,0,0,0,0,0,0,0,0,0,0,0,0,0,0,0,0,0,0,0,0,0,0,0,0,0,0,0,0,0,0,0,0,0,0,0,0,0,0,0,0,0,0,0,0,0,0,0,0,0,0,0,0,0,0,0,0,0,0,0,0,0,0,0,0,0,0,0,0,0,0,0,0,0,0,0,0,0,0,0,0,0,0,0,0,0,0,0,0,0,0,0,0,0,0,0,0,0
32,0.00317186132632836,0.00675268534320296,0.000941194409040973,0.00197533703809656,0.0264421776455524,0.0558686145031213,0.00225242731350933,0.00476223518509456,0.0264421776455524,0.0558686145031213,0.00225242731350933,0.00476223518509456,0.0845388569839497,0.178179172522417,0.00712405647268011,0.0151139066688403,0.140686902227062,0.29464637993295,0.0103118444582727,0.0218400777674845,0.140686902227062,0.29464637993295,0.0103118444582727,0.0218400777674845,0,0,0,0,0,0,0,0,0,0,0,0,0,0,0,0,0,0,0,0,0,0,0,0,0,0,0,0,0,0,0,0,0,0,0,0,0,0,0,0,0,0,0,0,0,0,0,0,0,0,0,0,0,0,0,0,0,0,0,0,0,0,0,0,0,0,0,0,0,0,0,0,0,0,0,0,0,0,0,0,0,0,0,0,0,0,0,0,0,0,0,0,0,0,0,0,0,0,0,0,0,0,0,0,0,0,0,0,0,0,0,0,0,0,0,0,0,0,0,0,0,0,0,0,0,0,0,0,0,0,0,0,0,0,0,0,0,0,0,0
33,0.00317159930783487,0.00676285638937894,0.000940936710230078,0.00197712405563954,0.0266844258558792,0.0564443716380777,0.00228907367693087,0.00484489100585673,0.0266844258558792,0.0564443716380777,0.00228907367693087,0.00484489100585673,0.0847913597897273,0.178919870641893,0.00716214001323727,0.015214741890536,0.140905506239911,0.295403519215835,0.0103452125789685,0.0219395421046623,0.140905506239911,0.295403519215835,0.0103452125789685,0.0219395421046623,0,0,0,0,0,0,0,0,0,0,0,0,0,0,0,0,0,0,0,0,0,0,0,0,0,0,0,0,0,0,0,0,0,0,0,0,0,0,0,0,0,0,0,0,0,0,0,0,0,0,0,0,0,0,0,0,0,0,0,0,0,0,0,0,0,0,0,0,0,0,0,0,0,0,0,0,0,0,0,0,0,0,0,0,0,0,0,0,0,0,0,0,0,0,0,0,0,0,0,0,0,0,0,0,0,0,0,0,0,0,0,0,0,0,0,0,0,0,0,0,0,0,0,0,0,0,0,0,0,0,0,0,0,0,0,0,0,0,0,0
34,0.00317057260462362,0.00677135901265808,0.000940440079679668,0.00197839749771524,0.0269137641430712,0.0569936640165642,0.00232413151925821,0.00492432639114898,0.0269137641430712,0.0569936640165642,0.00232413151925821,0.00492432639114898,0.085017878142291,0.179605305347467,0.00719732667444418,0.0153094579853188,0.141086819551966,0.296080841922737,0.0103749621617076,0.022031273145973,0.141086819551966,0.296080841922737,0.0103749621617076,0.022031273145973,0,0,0,0,0,0,0,0,0,0,0,0,0,0,0,0,0,0,0,0,0,0,0,0,0,0,0,0,0,0,0,0,0,0,0,0,0,0,0,0,0,0,0,0,0,0,0,0,0,0,0,0,0,0,0,0,0,0,0,0,0,0,0,0,0,0,0,0,0,0,0,0,0,0,0,0,0,0,0,0,0,0,0,0,0,0,0,0,0,0,0,0,0,0,0,0,0,0,0,0,0,0,0,0,0,0,0,0,0,0,0,0,0,0,0,0,0,0,0,0,0,0,0,0,0,0,0,0,0,0,0,0,0,0,0,0,0,0,0,0
35,0.00316892000197881,0.00677848267638637,0.000939747616283274,0.0019792464453354,0.027131016169745,0.0575181724974804,0.00235765816251469,0.00500065498398094,0.027131016169745,0.0575181724974804,0.00235765816251469,0.00500065498398094,0.0852214644893855,0.180241804804964,0.00722988425818014,0.0153986077575928,0.141236037311766,0.296689114705304,0.0104015040455772,0.0221161222987928,0.141236037311766,0.296689114705304,0.0104015040455772,0.0221161222987928,0,0,0,0,0,0,0,0,0,0,0,0,0,0,0,0,0,0,0,0,0,0,0,0,0,0,0,0,0,0,0,0,0,0,0,0,0,0,0,0,0,0,0,0,0,0,0,0,0,0,0,0,0,0,0,0,0,0,0,0,0,0,0,0,0,0,0,0,0,0,0,0,0,0,0,0,0,0,0,0,0,0,0,0,0,0,0,0,0,0,0,0,0,0,0,0,0,0,0,0,0,0,0,0,0,0,0,0,0,0,0,0,0,0,0,0,0,0,0,0,0,0,0,0,0,0,0,0,0,0,0,0,0,0,0,0,0,0,0,0
36,0.00316675834422511,0.00678447178786701,0.00093889575352635,0.00197974637923245,0.0273369228724322,0.0580194089771635,0.00238970962329997,0.00507398801921325,0.0273369228724322,0.0580194089771635,0.00238970962329997,0.00507398801921325,0.085404723556109,0.180834781068551,0.00726004718184078,0.0154826760660802,0.14135754635522,0.297237452272091,0.0104251929590867,0.0221948265218316,0.14135754635522,0.297237452272091,0.0104251929590867,0.0221948265218316,0,0,0,0,0,0,0,0,0,0,0,0,0,0,0,0,0,0,0,0,0,0,0,0,0,0,0,0,0,0,0,0,0,0,0,0,0,0,0,0,0,0,0,0,0,0,0,0,0,0,0,0,0,0,0,0,0,0,0,0,0,0,0,0,0,0,0,0,0,0,0,0,0,0,0,0,0,0,0,0,0,0,0,0,0,0,0,0,0,0,0,0,0,0,0,0,0,0,0,0,0,0,0,0,0,0,0,0,0,0,0,0,0,0,0,0,0,0,0,0,0,0,0,0,0,0,0,0,0,0,0,0,0,0,0,0,0,0,0,0
37,0.00316418580653592,0.00678953232999329,0.000937915228757253,0.00197996113684043,0.0275321540388734,0.0584987398148098,0.00242034059748175,0.00514443426482165,0.0275321540388734,0.0584987398148098,0.00242034059748175,0.00514443426482165,0.0855698817855797,0.181388870418227,0.00728802119316779,0.0155620892853304,0.141455052581636,0.297733574771989,0.0104463356159593,0.022268024613739,0.141455052581636,0.297733574771989,0.0104463356159593,0.022268024613739,0,0,0,0,0,0,0,0,0,0,0,0,0,0,0,0,0,0,0,0,0,0,0,0,0,0,0,0,0,0,0,0,0,0,0,0,0,0,0,0,0,0,0,0,0,0,0,0,0,0,0,0,0,0,0,0,0,0,0,0,0,0,0,0,0,0,0,0,0,0,0,0,0,0,0,0,0,0,0,0,0,0,0,0,0,0,0,0,0,0,0,0,0,0,0,0,0,0,0,0,0,0,0,0,0,0,0,0,0,0,0,0,0,0,0,0,0,0,0,0,0,0,0,0,0,0,0,0,0,0,0,0,0,0,0,0,0,0,0,0
38,0.0031612847074994,0.00679383757570593,0.000936831919911925,0.00197994460476545,0.0277173180594447,0.0589574056148366,0.00244960443322577,0.00521209994393624,0.0277173180594447,0.0589574056148366,0.00244960443322577,0.00521209994393624,0.0857188462147706,0.181908052614759,0.00731398740818427,0.015637223428484,0.14153168891673,0.29818402638436,0.0104651976580647,0.0223362712143454,0.14153168891673,0.29818402638436,0.0104651976580647,0.0223362712143454,0,0,0,0,0,0,0,0,0,0,0,0,0,0,0,0,0,0,0,0,0,0,0,0,0,0,0,0,0,0,0,0,0,0,0,0,0,0,0,0,0,0,0,0,0,0,0,0,0,0,0,0,0,0,0,0,0,0,0,0,0,0,0,0,0,0,0,0,0,0,0,0,0,0,0,0,0,0,0,0,0,0,0,0,0,0,0,0,0,0,0,0,0,0,0,0,0,0,0,0,0,0,0,0,0,0,0,0,0,0,0,0,0,0,0,0,0,0,0,0,0,0,0,0,0,0,0,0,0,0,0,0,0,0,0,0,0,0,0,0
39,0.00315812392037713,0.0067975329985122,0.000935667565931957,0.00197974217862013,0.0278929701406089,0.0593965379317046,0.00247755309942594,0.00527708865109934,0.0278929701406089,0.0593965379317046,0.00247755309942594,0.00527708865109934,0.0858532542832099,0.182395752017055,0.00733810576474171,0.0157084111111535,0.14159010660037,0.298594360516683,0.0104820095990458,0.0224000488179957,0.14159010660037,0.298594360516683,0.0104820095990458,0.0224000488179957,0,0,0,0,0,0,0,0,0,0,0,0,0,0,0,0,0,0,0,0,0,0,0,0,0,0,0,0,0,0,0,0,0,0,0,0,0,0,0,0,0,0,0,0,0,0,0,0,0,0,0,0,0,0,0,0,0,0,0,0,0,0,0,0,0,0,0,0,0,0,0,0,0,0,0,0,0,0,0,0,0,0,0,0,0,0,0,0,0,0,0,0,0,0,0,0,0,0,0,0,0,0,0,0,0,0,0,0,0,0,0,0,0,0,0,0,0,0,0,0,0,0,0,0,0,0,0,0,0,0,0,0,0,0,0,0,0,0,0,0
40,0.00315476093543959,0.00680074048199986,0.000934440385635262,0.00197939201930526,0.0280596192265627,0.0598171733823392,0.0025042371544576,0.00533950127203385,0.0280596192265627,0.0598171733823392,0.0025042371544576,0.00533950127203385,0.0859745158931157,0.182854923162941,0.00736051797332587,0.0157759475157465,0.141632552214112,0.298969296387065,0.0104969719051277,0.0224597780661649,0.141632552214112,0.298969296387065,0.0104969719051277,0.0224597780661649,0,0,0,0,0,0,0,0,0,0,0,0,0,0,0,0,0,0,0,0,0,0,0,0,0,0,0,0,0,0,0,0,0,0,0,0,0,0,0,0,0,0,0,0,0,0,0,0,0,0,0,0,0,0,0,0,0,0,0,0,0,0,0,0,0,0,0,0,0,0,0,0,0,0,0,0,0,0,0,0,0,0,0,0,0,0,0,0,0,0,0,0,0,0,0,0,0,0,0,0,0,0,0,0,0,0,0,0,0,0,0,0,0,0,0,0,0,0,0,0,0,0,0,0,0,0,0,0,0,0,0,0,0,0,0,0,0,0,0,0
41,0.00315124362020531,0.00680356192077847,0.000933165608295777,0.00197892613194869,0.0282177338381898,0.0602202655795424,0.00252970571852902,0.00539943591302088,0.0282177338381898,0.0602202655795424,0.00252970571852902,0.00539943591302088,0.0860838488716345,0.183288123089635,0.00738135003659663,0.0158400954961713,0.141660932559686,0.299312851178366,0.0105102593333441,0.0225158265555365,0.141660932559686,0.299312851178366,0.0105102593333441,0.0225158265555365,0,0,0,0,0,0,0,0,0,0,0,0,0,0,0,0,0,0,0,0,0,0,0,0,0,0,0,0,0,0,0,0,0,0,0,0,0,0,0,0,0,0,0,0,0,0,0,0,0,0,0,0,0,0,0,0,0,0,0,0,0,0,0,0,0,0,0,0,0,0,0,0,0,0,0,0,0,0,0,0,0,0,0,0,0,0,0,0,0,0,0,0,0,0,0,0,0,0,0,0,0,0,0,0,0,0,0,0,0,0,0,0,0,0,0,0,0,0,0,0,0,0,0,0,0,0,0,0,0,0,0,0,0,0,0,0,0,0,0,0
42,0.00314761171906392,0.00680608229505556,0.00093185592772857,0.00197837129089405,0.0283677470060139,0.0606066952367584,0.00255400645166093,0.00545698784357691,0.0283677470060139,0.0606066952367584,0.00255400645166093,0.00545698784357691,0.0861823088321482,0.183697572371538,0.0074007143998258,0.0159010899449993,0.14167686922037,0.299628451405475,0.0105220246323594,0.0225685163687824,0.14167686922037,0.299628451405475,0.0105220246323594,0.0225685163687824,0,0,0,0,0,0,0,0,0,0,0,0,0,0,0,0,0,0,0,0,0,0,0,0,0,0,0,0,0,0,0,0,0,0,0,0,0,0,0,0,0,0,0,0,0,0,0,0,0,0,0,0,0,0,0,0,0,0,0,0,0,0,0,0,0,0,0,0,0,0,0,0,0,0,0,0,0,0,0,0,0,0,0,0,0,0,0,0,0,0,0,0,0,0,0,0,0,0,0,0,0,0,0,0,0,0,0,0,0,0,0,0,0,0,0,0,0,0,0,0,0,0,0,0,0,0,0,0,0,0,0,0,0,0,0,0,0,0,0,0
43,0.00314389812875873,0.00680837229139666,0.00093052189029949,0.0019777498314562,0.0285100604458183,0.0609772787398621,0.00257718553840189,0.0055122494543425,0.0285100604458183,0.0609772787398621,0.00257718553840189,0.0055122494543425,0.0862708142933686,0.184085206583115,0.00741871178601989,0.0159591415290172,0.141681744385204,0.299919026643577,0.0105324016973656,0.0226181305088132,0.141681744385204,0.299919026643577,0.0105324016973656,0.0226181305088132,0,0,0,0,0,0,0,0,0,0,0,0,0,0,0,0,0,0,0,0,0,0,0,0,0,0,0,0,0,0,0,0,0,0,0,0,0,0,0,0,0,0,0,0,0,0,0,0,0,0,0,0,0,0,0,0,0,0,0,0,0,0,0,0,0,0,0,0,0,0,0,0,0,0,0,0,0,0,0,0,0,0,0,0,0,0,0,0,0,0,0,0,0,0,0,0,0,0,0,0,0,0,0,0,0,0,0,0,0,0,0,0,0,0,0,0,0,0,0,0,0,0,0,0,0,0,0,0,0,0,0,0,0,0,0,0,0,0,0,0
44,0.00314012998161051,0.00681049053328976,0.000929172226006148,0.00197708032667521,0.0286450481015873,0.0613327754346286,0.0025992876797207,0.00556531023081468,0.0286450481015873,0.0613327754346286,0.0025992876797207,0.00556531023081468,0.0863501677922303,0.184452719654276,0.00743543276207184,0.0160144398846871,0.141676739291809,0.300187088324325,0.0105415082582538,0.0226649183934255,0.141676739291809,0.300187088324325,0.0105415082582538,0.0226649183934255,0,0,0,0,0,0,0,0,0,0,0,0,0,0,0,0,0,0,0,0,0,0,0,0,0,0,0,0,0,0,0,0,0,0,0,0,0,0,0,0,0,0,0,0,0,0,0,0,0,0,0,0,0,0,0,0,0,0,0,0,0,0,0,0,0,0,0,0,0,0,0,0,0,0,0,0,0,0,0,0,0,0,0,0,0,0,0,0,0,0,0,0,0,0,0,0,0,0,0,0,0,0,0,0,0,0,0,0,0,0,0,0,0,0,0,0,0,0,0,0,0,0,0,0,0,0,0,0,0,0,0,0,0,0,0,0,0,0,0,0
45,0.00313632956420928,0.00681248547701214,0.000927814130619861,0.00197637816503049,0.0287730591600126,0.0616738938384302,0.00262035609205,0.00561625674266308,0.0287730591600126,0.0616738938384302,0.00262035609205,0.00561625674266308,0.0864210736188215,0.184801600373843,0.00745095907573791,0.0160671563523139,0.141662866446118,0.300434795917676,0.0105494481693699,0.0227091005460461,0.141662866446118,0.300434795917676,0.0105494481693699,0.0227091005460461,0,0,0,0,0,0,0,0,0,0,0,0,0,0,0,0,0,0,0,0,0,0,0,0,0,0,0,0,0,0,0,0,0,0,0,0,0,0,0,0,0,0,0,0,0,0,0,0,0,0,0,0,0,0,0,0,0,0,0,0,0,0,0,0,0,0,0,0,0,0,0,0,0,0,0,0,0,0,0,0,0,0,0,0,0,0,0,0,0,0,0,0,0,0,0,0,0,0,0,0,0,0,0,0,0,0,0,0,0,0,0,0,0,0,0,0,0,0,0,0,0,0,0,0,0,0,0,0,0,0,0,0,0,0,0,0,0,0,0,0
46,0.00313251509558646,0.00681439702099924,0.000926453505838139,0.00197565604302892,0.0288944206235403,0.0620012969506938,0.00264043251314032,0.00566517264777452,0.0288944206235403,0.0620012969506938,0.00264043251314032,0.00566517264777452,0.0864841527077241,0.185133163111665,0.00746536479751962,0.0161174463165725,0.141640996605115,0.300664012476495,0.0105563133595849,0.0227508725995346,0.141640996605115,0.300664012476495,0.0105563133595849,0.0227508725995346,0,0,0,0,0,0,0,0,0,0,0,0,0,0,0,0,0,0,0,0,0,0,0,0,0,0,0,0,0,0,0,0,0,0,0,0,0,0,0,0,0,0,0,0,0,0,0,0,0,0,0,0,0,0,0,0,0,0,0,0,0,0,0,0,0,0,0,0,0,0,0,0,0,0,0,0,0,0,0,0,0,0,0,0,0,0,0,0,0,0,0,0,0,0,0,0,0,0,0,0,0,0,0,0,0,0,0,0,0,0,0,0,0,0,0,0,0,0,0,0,0,0,0,0,0,0,0,0,0,0,0,0,0,0,0,0,0,0,0,0
47,0.00312870138558799,0.00681625787042102,0.000925095163471373,0.00197492438475181,0.0290094395144152,0.0623156068079408,0.00265955721418432,0.00571213870979935,0.0290094395144152,0.0623156068079408,0.00265955721418432,0.00571213870979935,0.0865399551389376,0.185448573669418,0.00747871729656946,0.0161654512113441,0.141611881359322,0.300876351225242,0.010562185493047,0.0227904087135946,0.141611881359322,0.300876351225242,0.010562185493047,0.0227904087135946,0,0,0,0,0,0,0,0,0,0,0,0,0,0,0,0,0,0,0,0,0,0,0,0,0,0,0,0,0,0,0,0,0,0,0,0,0,0,0,0,0,0,0,0,0,0,0,0,0,0,0,0,0,0,0,0,0,0,0,0,0,0,0,0,0,0,0,0,0,0,0,0,0,0,0,0,0,0,0,0,0,0,0,0,0,0,0,0,0,0,0,0,0,0,0,0,0,0,0,0,0,0,0,0,0,0,0,0,0,0,0,0,0,0,0,0,0,0,0,0,0,0,0,0,0,0,0,0,0,0,0,0,0,0,0,0,0,0,0,0
48,0.00312490039127493,0.00681809469293704,0.00092374299886919,0.00197419169882455,0.0291184047700024,0.0626174084051005,0.00267776901755669,0.00575723282776637,0.0291184047700024,0.0626174084051005,0.00267776901755669,0.00575723282776637,0.0865889706317205,0.185748871031695,0.0074910780754559,0.0162113002384118,0.141576172023225,0.301073214618502,0.0105671373837154,0.022827864492037,0.141576172023225,0.301073214618502,0.0105671373837154,0.022827864492037,0,0,0,0,0,0,0,0,0,0,0,0,0,0,0,0,0,0,0,0,0,0,0,0,0,0,0,0,0,0,0,0,0,0,0,0,0,0,0,0,0,0,0,0,0,0,0,0,0,0,0,0,0,0,0,0,0,0,0,0,0,0,0,0,0,0,0,0,0,0,0,0,0,0,0,0,0,0,0,0,0,0,0,0,0,0,0,0,0,0,0,0,0,0,0,0,0,0,0,0,0,0,0,0,0,0,0,0,0,0,0,0,0,0,0,0,0,0,0,0,0,0,0,0,0,0,0,0,0,0,0,0,0,0,0,0,0,0,0,0
49,0.0031211216866469,0.00681992909657132,0.000922400138073317,0.0019734648818455,0.0292215888794977,0.0629072530845598,0.00269510531946279,0.00580053007624688,0.0292215888794977,0.0629072530845598,0.00269510531946279,0.00580053007624688,0.0866316373548885,0.186034985670169,0.00750250348493833,0.0162551118423168,0.141534435431528,0.301255827075675,0.0105712342004923,0.0228633794737387,0.141534435431528,0.301255827075675,0.0105712342004923,0.0228633794737387,0,0,0,0,0,0,0,0,0,0,0,0,0,0,0,0,0,0,0,0,0,0,0,0,0,0,0,0,0,0,0,0,0,0,0,0,0,0,0,0,0,0,0,0,0,0,0,0,0,0,0,0,0,0,0,0,0,0,0,0,0,0,0,0,0,0,0,0,0,0,0,0,0,0,0,0,0,0,0,0,0,0,0,0,0,0,0,0,0,0,0,0,0,0,0,0,0,0,0,0,0,0,0,0,0,0,0,0,0,0,0,0,0,0,0,0,0,0,0,0,0,0,0,0,0,0,0,0,0,0,0,0,0,0,0,0,0,0,0,0
50,0.00311737285878286,0.00682177845625833,0.000921069062555934,0.00197274947606051,0.0293192493036583,0.0631856614775061,0.00271160211678022,0.00584210275454552,0.0293192493036583,0.0631856614775061,0.00271160211678022,0.00584210275454552,0.0866683493261284,0.186307754952042,0.00751304533674336,0.0162969949774446,0.141487167145049,0.301425262410298,0.010574534494353,0.0228970792604208,0.141487167145049,0.301425262410298,0.010574534494353,0.0228970792604208,0,0,0,0,0,0,0,0,0,0,0,0,0,0,0,0,0,0,0,0,0,0,0,0,0,0,0,0,0,0,0,0,0,0,0,0,0,0,0,0,0,0,0,0,0,0,0,0,0,0,0,0,0,0,0,0,0,0,0,0,0,0,0,0,0,0,0,0,0,0,0,0,0,0,0,0,0,0,0,0,0,0,0,0,0,0,0,0,0,0,0,0,0,0,0,0,0,0,0,0,0,0,0,0,0,0,0,0,0,0,0,0,0,0,0,0,0,0,0,0,0,0,0,0,0,0,0,0,0,0,0,0,0,0,0,0,0,0,0,0
51,0.00311365984158688,0.00682365661179782,0.000919751714856113,0.00197204988797909,0.0294116297121376,0.063453126068015,0.00272729403739882,0.00588202044345055,0.0294116297121376,0.063453126068015,0.00272729403739882,0.00588202044345055,0.0866994626295561,0.186567936117457,0.00752275142963262,0.0163370501980732,0.141434802489962,0.301582466812409,0.010577091074225,0.0229290773351441,0.141434802489962,0.301582466812409,0.010577091074225,0.0229290773351441,0,0,0,0,0,0,0,0,0,0,0,0,0,0,0,0,0,0,0,0,0,0,0,0,0,0,0,0,0,0,0,0,0,0,0,0,0,0,0,0,0,0,0,0,0,0,0,0,0,0,0,0,0,0,0,0,0,0,0,0,0,0,0,0,0,0,0,0,0,0,0,0,0,0,0,0,0,0,0,0,0,0,0,0,0,0,0,0,0,0,0,0,0,0,0,0,0,0,0,0,0,0,0,0,0,0,0,0,0,0,0,0,0,0,0,0,0,0,0,0,0,0,0,0,0,0,0,0,0,0,0,0,0,0,0,0,0,0,0,0
52,0.00310998719668106,0.00682557445665522,0.00091844958795322,0.00197136957368101,0.0294989610671516,0.0637101134385887,0.00274221437340498,0.00592035006816735,0.0294989610671516,0.0637101134385887,0.00274221437340498,0.00592035006816735,0.0867253006440347,0.186816217217056,0.00753166600174651,0.0163753705975395,0.141377725786234,0.301728278106269,0.0105789517543784,0.0229594766174879,0.141377725786234,0.301728278106269,0.0105789517543784,0.0229594766174879,0,0,0,0,0,0,0,0,0,0,0,0,0,0,0,0,0,0,0,0,0,0,0,0,0,0,0,0,0,0,0,0,0,0,0,0,0,0,0,0,0,0,0,0,0,0,0,0,0,0,0,0,0,0,0,0,0,0,0,0,0,0,0,0,0,0,0,0,0,0,0,0,0,0,0,0,0,0,0,0,0,0,0,0,0,0,0,0,0,0,0,0,0,0,0,0,0,0,0,0,0,0,0,0,0,0,0,0,0,0,0,0,0,0,0,0,0,0,0,0,0,0,0,0,0,0,0,0,0,0,0,0,0,0,0,0,0,0,0,0
53,0.00310635834957148,0.00682754043419642,0.000917163800806665,0.00197071119574104,0.0295814625773518,0.0639570662460759,0.00275639511650847,0.00595715596617185,0.0295814625773518,0.0639570662460759,0.00275639511650847,0.00595715596617185,0.0867461584437372,0.18705322633858,0.00753983012024467,0.0164120426187828,0.141316278063635,0.301863441890463,0.0105801599926817,0.0229883707945853,0.141316278063635,0.301863441890463,0.0105801599926817,0.0229883707945853,0,0,0,0,0,0,0,0,0,0,0,0,0,0,0,0,0,0,0,0,0,0,0,0,0,0,0,0,0,0,0,0,0,0,0,0,0,0,0,0,0,0,0,0,0,0,0,0,0,0,0,0,0,0,0,0,0,0,0,0,0,0,0,0,0,0,0,0,0,0,0,0,0,0,0,0,0,0,0,0,0,0,0,0,0,0,0,0,0,0,0,0,0,0,0,0,0,0,0,0,0,0,0,0,0,0,0,0,0,0,0,0,0,0,0,0,0,0,0,0,0,0,0,0,0,0,0,0,0,0,0,0,0,0,0,0,0,0,0,0
54,0.00310277578799809,0.0068295609554952,0.000915895162138271,0.0019700767559912,0.029659342541752,0.0641944049687814,0.00276986699516776,0.00599249995884468,0.029659342541752,0.0641944049687814,0.00276986699516776,0.00599249995884468,0.0867623065062609,0.187279539398771,0.00754728201759331,0.0164471467551922,0.14125076351527,0.301988625069855,0.0105807554361696,0.0230158454613684,0.14125076351527,0.301988625069855,0.0105807554361696,0.0230158454613684,0,0,0,0,0,0,0,0,0,0,0,0,0,0,0,0,0,0,0,0,0,0,0,0,0,0,0,0,0,0,0,0,0,0,0,0,0,0,0,0,0,0,0,0,0,0,0,0,0,0,0,0,0,0,0,0,0,0,0,0,0,0,0,0,0,0,0,0,0,0,0,0,0,0,0,0,0,0,0,0,0,0,0,0,0,0,0,0,0,0,0,0,0,0,0,0,0,0,0,0,0,0,0,0,0,0,0,0,0,0,0,0,0,0,0,0,0,0,0,0,0,0,0,0,0,0,0,0,0,0,0,0,0,0,0,0,0,0,0,0
55,0.0030992412283384,0.00683164075074846,0.000914644224229746,0.00196946770772799,0.029732799100231,0.0644225294588304,0.00278265951293054,0.00602644142587273,0.029732799100231,0.0644225294588304,0.00278265951293054,0.00602644142587273,0.0867739938415705,0.187495686732372,0.00755405738243009,0.0164807581578504,0.141181454897723,0.302104427206569,0.0105807743878838,0.0230419790984134,0.141181454897723,0.302104427206569,0.0105807743878838,0.0230419790984134,0,0,0,0,0,0,0,0,0,0,0,0,0,0,0,0,0,0,0,0,0,0,0,0,0,0,0,0,0,0,0,0,0,0,0,0,0,0,0,0,0,0,0,0,0,0,0,0,0,0,0,0,0,0,0,0,0,0,0,0,0,0,0,0,0,0,0,0,0,0,0,0,0,0,0,0,0,0,0,0,0,0,0,0,0,0,0,0,0,0,0,0,0,0,0,0,0,0,0,0,0,0,0,0,0,0,0,0,0,0,0,0,0,0,0,0,0,0,0,0,0,0,0,0,0,0,0,0,0,0,0,0,0,0,0,0,0,0,0,0
56,0.00309575575504592,0.00683378316453188,0.000913411328246913,0.00196888505044697,0.029802020904371,0.0646418203282424,0.00279480098756477,0.00605903738152955,0.029802020904371,0.0646418203282424,0.00279480098756477,0.00605903738152955,0.0867814506365212,0.187702158672629,0.00756018961173227,0.016512947162857,0.141108598052629,0.302211390047826,0.0105802502068427,0.0230668439115312,0.141108598052629,0.302211390047826,0.0105802502068427,0.0230668439115312,0,0,0,0,0,0,0,0,0,0,0,0,0,0,0,0,0,0,0,0,0,0,0,0,0,0,0,0,0,0,0,0,0,0,0,0,0,0,0,0,0,0,0,0,0,0,0,0,0,0,0,0,0,0,0,0,0,0,0,0,0,0,0,0,0,0,0,0,0,0,0,0,0,0,0,0,0,0,0,0,0,0,0,0,0,0,0,0,0,0,0,0,0,0,0,0,0,0,0,0,0,0,0,0,0,0,0,0,0,0,0,0,0,0,0,0,0,0,0,0,0,0,0,0,0,0,0,0,0,0,0,0,0,0,0,0,0,0,0,0
57,0.0030923199373453,0.00683599040358868,0.00091219664237868,0.00196832940973504,0.0298671877201129,0.0648526401925268,0.00280631859061294,0.00609034255206369,0.0298671877201129,0.0648526401925268,0.00280631859061294,0.00609034255206369,0.0867848904941707,0.187899410286159,0.00756571002999161,0.0165437797503571,0.141032415695654,0.30231000553015,0.0105792136511937,0.0230905065536381,0.141032415695654,0.30231000553015,0.0105792136511937,0.0230905065536381,0,0,0,0,0,0,0,0,0,0,0,0,0,0,0,0,0,0,0,0,0,0,0,0,0,0,0,0,0,0,0,0,0,0,0,0,0,0,0,0,0,0,0,0,0,0,0,0,0,0,0,0,0,0,0,0,0,0,0,0,0,0,0,0,0,0,0,0,0,0,0,0,0,0,0,0,0,0,0,0,0,0,0,0,0,0,0,0,0,0,0,0,0,0,0,0,0,0,0,0,0,0,0,0,0,0,0,0,0,0,0,0,0,0,0,0,0,0,0,0,0,0,0,0,0,0,0,0,0,0,0,0,0,0,0,0,0,0,0,0
58,0.00308893392675973,0.00683826374452771,0.000911000193887293,0.0019678011045636,0.0299284709718195,0.0650553347917429,0.00281723838705467,0.00612040945353421,0.0299284709718195,0.0650553347917429,0.00281723838705467,0.00612040945353421,0.0867845123340586,0.188087865398612,0.00757064808023303,0.0165733179451638,0.140953110594731,0.30240072251043,0.0105776931730799,0.0231130287463614,0.140953110594731,0.30240072251043,0.0105776931730799,0.0231130287463614,0,0,0,0,0,0,0,0,0,0,0,0,0,0,0,0,0,0,0,0,0,0,0,0,0,0,0,0,0,0,0,0,0,0,0,0,0,0,0,0,0,0,0,0,0,0,0,0,0,0,0,0,0,0,0,0,0,0,0,0,0,0,0,0,0,0,0,0,0,0,0,0,0,0,0,0,0,0,0,0,0,0,0,0,0,0,0,0,0,0,0,0,0,0,0,0,0,0,0,0,0,0,0,0,0,0,0,0,0,0,0,0,0,0,0,0,0,0,0,0,0,0,0,0,0,0,0,0,0,0,0,0,0,0,0,0,0,0,0,0
59,0.00308559753849663,0.00684060370768645,0.000909821896002747,0.00196730020389437,0.0299860342357751,0.0652502340057638,0.00282758537481136,0.00614928846953304,0.0299860342357751,0.0652502340057638,0.00282758537481136,0.00614928846953304,0.086780502008717,0.188267920025315,0.00757503149097952,0.0166016201673776,0.140870868239169,0.302483952433241,0.0105757151724543,0.0231344678162145,0.140870868239169,0.302483952433241,0.0105757151724543,0.0231344678162145,0,0,0,0,0,0,0,0,0,0,0,0,0,0,0,0,0,0,0,0,0,0,0,0,0,0,0,0,0,0,0,0,0,0,0,0,0,0,0,0,0,0,0,0,0,0,0,0,0,0,0,0,0,0,0,0,0,0,0,0,0,0,0,0,0,0,0,0,0,0,0,0,0,0,0,0,0,0,0,0,0,0,0,0,0,0,0,0,0,0,0,0,0,0,0,0,0,0,0,0,0,0,0,0,0,0,0,0,0,0,0,0,0,0,0,0,0,0,0,0,0,0,0,0,0,0,0,0,0,0,0,0,0,0,0,0,0,0,0,0
60,0.00308231031925,0.00684301020245869,0.000908661570454388,0.00196682657422541,0.0300400336898534,0.0654376527778167,0.00283738352387065,0.00617702792832486,0.0300400336898534,0.0654376527778167,0.00283738352387065,0.00617702792832486,0.0867730336825478,0.188439945302482,0.00757888642264382,0.0166287415401499,0.140785859084364,0.302560074109354,0.0105733042159766,0.0231548771579509,0.140785859084364,0.302560074109354,0.0105733042159766,0.0231548771579509,0,0,0,0,0,0,0,0,0,0,0,0,0,0,0,0,0,0,0,0,0,0,0,0,0,0,0,0,0,0,0,0,0,0,0,0,0,0,0,0,0,0,0,0,0,0,0,0,0,0,0,0,0,0,0,0,0,0,0,0,0,0,0,0,0,0,0,0,0,0,0,0,0,0,0,0,0,0,0,0,0,0,0,0,0,0,0,0,0,0,0,0,0,0,0,0,0,0,0,0,0,0,0,0,0,0,0,0,0,0,0,0,0,0,0,0,0,0,0,0,0,0,0,0,0,0,0,0,0,0,0,0,0,0,0,0,0,0,0,0
61,0.0030790716035817,0.0068454826485746,0.000907518966313506,0.00196637991946272,0.0300906185250158,0.0656178919581563,0.00284665581484704,0.00620367417901564,0.0300906185250158,0.0656178919581563,0.00284665581484704,0.00620367417901564,0.0867622710115733,0.188604289998933,0.00758223759630022,0.0166547341606704,0.140698240442689,0.302629437751509,0.0105704832261922,0.0231743066358077,0.140698240442689,0.302629437751509,0.0105704832261922,0.0231743066358077,0,0,0,0,0,0,0,0,0,0,0,0,0,0,0,0,0,0,0,0,0,0,0,0,0,0,0,0,0,0,0,0,0,0,0,0,0,0,0,0,0,0,0,0,0,0,0,0,0,0,0,0,0,0,0,0,0,0,0,0,0,0,0,0,0,0,0,0,0,0,0,0,0,0,0,0,0,0,0,0,0,0,0,0,0,0,0,0,0,0,0,0,0,0,0,0,0,0,0,0,0,0,0,0,0,0,0,0,0,0,0,0,0,0,0,0,0,0,0,0,0,0,0,0,0,0,0,0,0,0,0,0,0,0,0,0,0,0,0,0
62,0.00307588056070709,0.0068480200771306,0.000906393775718999,0.00196595981429563,0.0301379313234082,0.0657912390778863,0.00285542427682985,0.00622927166643297,0.0301379313234082,0.0657912390778863,0.00285542427682985,0.00622927166643297,0.0867483681561863,0.188761282675207,0.00758510840734406,0.0166796473395495,0.140608158079353,0.302692368389394,0.0105672736454055,0.0231928029317433,0.140608158079353,0.302692368389394,0.0105672736454055,0.0231928029317433,0,0,0,0,0,0,0,0,0,0,0,0,0,0,0,0,0,0,0,0,0,0,0,0,0,0,0,0,0,0,0,0,0,0,0,0,0,0,0,0,0,0,0,0,0,0,0,0,0,0,0,0,0,0,0,0,0,0,0,0,0,0,0,0,0,0,0,0,0,0,0,0,0,0,0,0,0,0,0,0,0,0,0,0,0,0,0,0,0,0,0,0,0,0,0,0,0,0,0,0,0,0,0,0,0,0,0,0,0,0,0,0,0,0,0,0,0,0,0,0,0,0,0,0,0,0,0,0,0,0,0,0,0,0,0,0,0,0,0,0
63,0.00307273623322587,0.00685062121457985,0.000905285646971597,0.00196556573207723,0.0301821084070882,0.0659579690614036,0.00286371002439978,0.00625386300446344,0.0301821084070882,0.0659579690614036,0.00286371002439978,0.00625386300446344,0.0867314706537097,0.188911233546011,0.00758752102616799,0.0167035278130007,0.140515747562183,0.302749168765581,0.0105636955779843,0.0232104098484039,0.140515747562183,0.302749168765581,0.0105636955779843,0.0232104098484039,0,0,0,0,0,0,0,0,0,0,0,0,0,0,0,0,0,0,0,0,0,0,0,0,0,0,0,0,0,0,0,0,0,0,0,0,0,0,0,0,0,0,0,0,0,0,0,0,0,0,0,0,0,0,0,0,0,0,0,0,0,0,0,0,0,0,0,0,0,0,0,0,0,0,0,0,0,0,0,0,0,0,0,0,0,0,0,0,0,0,0,0,0,0,0,0,0,0,0,0,0,0,0,0,0,0,0,0,0,0,0,0,0,0,0,0,0,0,0,0,0,0,0,0,0,0,0,0,0,0,0,0,0,0,0,0,0,0,0,0
64,0.00306963756909757,0.00685328455239725,0.000904194195408376,0.00196519706806084,0.0302232801607996,0.0661183448846677,0.00287153329372124,0.0062774890476467,0.0302232801607996,0.0661183448846677,0.00287153329372124,0.0062774890476467,0.0867117161731308,0.189054436092786,0.0075894964876649,0.016726419931572,0.140421135406064,0.302800121797296,0.0105597679142686,0.0232271685733935,0.140421135406064,0.302800121797296,0.0105597679142686,0.0232271685733935,0,0,0,0,0,0,0,0,0,0,0,0,0,0,0,0,0,0,0,0,0,0,0,0,0,0,0,0,0,0,0,0,0,0,0,0,0,0,0,0,0,0,0,0,0,0,0,0,0,0,0,0,0,0,0,0,0,0,0,0,0,0,0,0,0,0,0,0,0,0,0,0,0,0,0,0,0,0,0,0,0,0,0,0,0,0,0,0,0,0,0,0,0,0,0,0,0,0,0,0,0,0,0,0,0,0,0,0,0,0,0,0,0,0,0,0,0,0,0,0,0,0,0,0,0,0,0,0,0,0,0,0,0,0,0,0,0,0,0,0
65,0.00306658344795688,0.00685600840471099,0.000903119012406612,0.00196485315871474,0.0302615713317003,0.0662726181854203,0.00287891347764048,0.00630018896087266,0.0302615713317003,0.0662726181854203,0.00287891347764048,0.00630018896087266,0.0866892351706745,0.18919116846554,0.00759105477109566,0.0167483658286212,0.140324440045953,0.302845492674847,0.0105555084387712,0.0232431179104341,0.140324440045953,0.302845492674847,0.0105555084387712,0.0232431179104341,0,0,0,0,0,0,0,0,0,0,0,0,0,0,0,0,0,0,0,0,0,0,0,0,0,0,0,0,0,0,0,0,0,0,0,0,0,0,0,0,0,0,0,0,0,0,0,0,0,0,0,0,0,0,0,0,0,0,0,0,0,0,0,0,0,0,0,0,0,0,0,0,0,0,0,0,0,0,0,0,0,0,0,0,0,0,0,0,0,0,0,0,0,0,0,0,0,0,0,0,0,0,0,0,0,0,0,0,0,0,0,0,0,0,0,0,0,0,0,0,0,0,0,0,0,0,0,0,0,0,0,0,0,0,0,0,0,0,0,0
66,0.00306357270269148,0.00685879095583566,0.000902059672812648,0.00196453329772829,0.0302971013085223,0.0664210298305949,0.00288586915973856,0.00632200028706831,0.0302971013085223,0.0664210298305949,0.00288586915973856,0.00632200028706831,0.0866641514617898,0.189321694706674,0.00759221487163094,0.0167694055712627,0.14022577266667,0.302885530655735,0.0105509339249531,0.0232582944821686,0.14022577266667,0.302885530655735,0.0105509339249531,0.0232582944821686,0,0,0,0,0,0,0,0,0,0,0,0,0,0,0,0,0,0,0,0,0,0,0,0,0,0,0,0,0,0,0,0,0,0,0,0,0,0,0,0,0,0,0,0,0,0,0,0,0,0,0,0,0,0,0,0,0,0,0,0,0,0,0,0,0,0,0,0,0,0,0,0,0,0,0,0,0,0,0,0,0,0,0,0,0,0,0,0,0,0,0,0,0,0,0,0,0,0,0,0,0,0,0,0,0,0,0,0,0,0,0,0,0,0,0,0,0,0,0,0,0,0,0,0,0,0,0,0,0,0,0,0,0,0,0,0,0,0,0,0
67,0.00306060413705928,0.00686163029933905,0.000901015741046187,0.00196423674922949,0.0303299843822893,0.0665638104454026,0.00289241814730443,0.00634295901279442,0.0303299843822893,0.0665638104454026,0.00289241814730443,0.00634295901279442,0.0866365827225527,0.189446265824202,0.00759299486468171,0.0167895772961078,0.140125237912945,0.302920470603714,0.0105460602185089,0.023272732908643,0.140125237912945,0.302920470603714,0.0105460602185089,0.023272732908643,0,0,0,0,0,0,0,0,0,0,0,0,0,0,0,0,0,0,0,0,0,0,0,0,0,0,0,0,0,0,0,0,0,0,0,0,0,0,0,0,0,0,0,0,0,0,0,0,0,0,0,0,0,0,0,0,0,0,0,0,0,0,0,0,0,0,0,0,0,0,0,0,0,0,0,0,0,0,0,0,0,0,0,0,0,0,0,0,0,0,0,0,0,0,0,0,0,0,0,0,0,0,0,0,0,0,0,0,0,0,0,0,0,0,0,0,0,0,0,0,0,0,0,0,0,0,0,0,0,0,0,0,0,0,0,0,0,0,0,0
68,0.00305767653999851,0.00686452447001937,0.000899986776091898,0.00196396275865465,0.0303603299904173,0.0667011809079565,0.00289857750320728,0.00636309963170138,0.0303603299904173,0.0667011809079565,0.00289857750320728,0.00636309963170138,0.0866066409313424,0.189565120737313,0.00759341196396827,0.0168089173317876,0.140022934499249,0.302950534313847,0.0105409023108055,0.0232864659649071,0.140022934499249,0.302950534313847,0.0105409023108055,0.0232864659649071,0,0,0,0,0,0,0,0,0,0,0,0,0,0,0,0,0,0,0,0,0,0,0,0,0,0,0,0,0,0,0,0,0,0,0,0,0,0,0,0,0,0,0,0,0,0,0,0,0,0,0,0,0,0,0,0,0,0,0,0,0,0,0,0,0,0,0,0,0,0,0,0,0,0,0,0,0,0,0,0,0,0,0,0,0,0,0,0,0,0,0,0,0,0,0,0,0,0,0,0,0,0,0,0,0,0,0,0,0,0,0,0,0,0,0,0,0,0,0,0,0,0,0,0,0,0,0,0,0,0,0,0,0,0,0,0,0,0,0,0
69,0.00305478869718036,0.00686747146995269,0.000898972335557567,0.00196371056164386,0.0303882429457762,0.0668333528127702,0.00290436357665865,0.00638245520581708,0.0303882429457762,0.0668333528127702,0.00290436357665865,0.00638245520581708,0.0865744327598605,0.189678487113453,0.00759348257413826,0.0168274603099533,0.139918955735659,0.302975931657813,0.0105354744038691,0.0232995247206556,0.139918955735659,0.302975931657813,0.0105354744038691,0.0232995247206556,0,0,0,0,0,0,0,0,0,0,0,0,0,0,0,0,0,0,0,0,0,0,0,0,0,0,0,0,0,0,0,0,0,0,0,0,0,0,0,0,0,0,0,0,0,0,0,0,0,0,0,0,0,0,0,0,0,0,0,0,0,0,0,0,0,0,0,0,0,0,0,0,0,0,0,0,0,0,0,0,0,0,0,0,0,0,0,0,0,0,0,0,0,0,0,0,0,0,0,0,0,0,0,0,0,0,0,0,0,0,0,0,0,0,0,0,0,0,0,0,0,0,0,0,0,0,0,0,0,0,0,0,0,0,0,0,0,0,0,0
70,0.00305193940026601,0.00687046928958739,0.000897971978950307,0.0019634793912785,0.0304138236520806,0.0669605289060198,0.00290979203286438,0.00640105742465985,0.0304138236520806,0.0669605289060198,0.00290979203286438,0.00640105742465985,0.0865400599210784,0.189786582113049,0.00759322233862569,0.0168452392662089,0.139813389983271,0.302996861578034,0.0105297899681072,0.0233119386644,0.139813389983271,0.302996861578034,0.0105297899681072,0.0233119386644,0,0,0,0,0,0,0,0,0,0,0,0,0,0,0,0,0,0,0,0,0,0,0,0,0,0,0,0,0,0,0,0,0,0,0,0,0,0,0,0,0,0,0,0,0,0,0,0,0,0,0,0,0,0,0,0,0,0,0,0,0,0,0,0,0,0,0,0,0,0,0,0,0,0,0,0,0,0,0,0,0,0,0,0,0,0,0,0,0,0,0,0,0,0,0,0,0,0,0,0,0,0,0,0,0,0,0,0,0,0,0,0,0,0,0,0,0,0,0,0,0,0,0,0,0,0,0,0,0,0,0,0,0,0,0,0,0,0,0,0
71,0.00304912745425584,0.00687351592470804,0.000896985270298819,0.00196326848392838,0.0304371683067995,0.0670829034950876,0.00291487788157389,0.00641893666218592,0.0304371683067995,0.0670829034950876,0.00291487788157389,0.00641893666218592,0.0865036194804539,0.189889613055347,0.00759264618334256,0.016862285732219,0.139706321050424,0.303013512954439,0.0105238617937706,0.0233237358142907,0.139706321050424,0.303013512954439,0.0105238617937706,0.0233237358142907,0,0,0,0,0,0,0,0,0,0,0,0,0,0,0,0,0,0,0,0,0,0,0,0,0,0,0,0,0,0,0,0,0,0,0,0,0,0,0,0,0,0,0,0,0,0,0,0,0,0,0,0,0,0,0,0,0,0,0,0,0,0,0,0,0,0,0,0,0,0,0,0,0,0,0,0,0,0,0,0,0,0,0,0,0,0,0,0,0,0,0,0,0,0,0,0,0,0,0,0,0,0,0,0,0,0,0,0,0,0,0,0,0,0,0,0,0,0,0,0,0,0,0,0,0,0,0,0,0,0,0,0,0,0,0,0,0,0,0,0
72,0.00304635168325637,0.00687660938996013,0.00089601178022975,0.00196307708393515,0.0304583690926307,0.0672006628345885,0.00291963550454122,0.006436122031594,0.0304583690926307,0.0672006628345885,0.00291963550454122,0.006436122031594,0.0864652041357274,0.189987778016692,0.0075917683567097,0.0168786298200601,0.139597828539095,0.303026065363759,0.0105177020370151,0.0233349428173964,0.139597828539095,0.303026065363759,0.0105177020370151,0.0233349428173964,0,0,0,0,0,0,0,0,0,0,0,0,0,0,0,0,0,0,0,0,0,0,0,0,0,0,0,0,0,0,0,0,0,0,0,0,0,0,0,0,0,0,0,0,0,0,0,0,0,0,0,0,0,0,0,0,0,0,0,0,0,0,0,0,0,0,0,0,0,0,0,0,0,0,0,0,0,0,0,0,0,0,0,0,0,0,0,0,0,0,0,0,0,0,0,0,0,0,0,0,0,0,0,0,0,0,0,0,0,0,0,0,0,0,0,0,0,0,0,0,0,0,0,0,0,0,0,0,0,0,0,0,0,0,0,0,0,0,0,0
73,0.0030436109349379,0.00687974772951706,0.000895051087589331,0.00196290444732307,0.0304775143584526,0.0673139854908093,0.00292407868191655,0.00645264143802049,0.0304775143584526,0.0673139854908093,0.00292407868191655,0.00645264143802049,0.0864249024697495,0.190081266370763,0.00759060246646114,0.0168943002997317,0.139487988149265,0.30303468974795,0.010511322261289,0.0233455850389825,0.139487988149265,0.30303468974795,0.010511322261289,0.0233455850389825,0,0,0,0,0,0,0,0,0,0,0,0,0,0,0,0,0,0,0,0,0,0,0,0,0,0,0,0,0,0,0,0,0,0,0,0,0,0,0,0,0,0,0,0,0,0,0,0,0,0,0,0,0,0,0,0,0,0,0,0,0,0,0,0,0,0,0,0,0,0,0,0,0,0,0,0,0,0,0,0,0,0,0,0,0,0,0,0,0,0,0,0,0,0,0,0,0,0,0,0,0,0,0,0,0,0,0,0,0,0,0,0,0,0,0,0,0,0,0,0,0,0,0,0,0,0,0,0,0,0,0,0,0,0,0,0,0,0,0,0
74,0.00304090408391133,0.00688292902537755,0.000894102780687121,0.00196274984469902,0.0304946887905666,0.0674230426862665,0.00292822061759149,0.00646852162916747,0.0304946887905666,0.0674230426862665,0.00292822061759149,0.00646852162916747,0.0863827991800717,0.190170259278751,0.00758916151359478,0.0169093246706149,0.139376871947769,0.303039549005604,0.0105047334746704,0.0233556866431009,0.139376871947769,0.303039549005604,0.0105047334746704,0.0233556866431009,0,0,0,0,0,0,0,0,0,0,0,0,0,0,0,0,0,0,0,0,0,0,0,0,0,0,0,0,0,0,0,0,0,0,0,0,0,0,0,0,0,0,0,0,0,0,0,0,0,0,0,0,0,0,0,0,0,0,0,0,0,0,0,0,0,0,0,0,0,0,0,0,0,0,0,0,0,0,0,0,0,0,0,0,0,0,0,0,0,0,0,0,0,0,0,0,0,0,0,0,0,0,0,0,0,0,0,0,0,0,0,0,0,0,0,0,0,0,0,0,0,0,0,0,0,0,0,0,0,0,0,0,0,0,0,0,0,0,0,0
75,0.0030382300342158,0.00688615140370328,0.000893166458226603,0.00196261256347803,0.0305099735749461,0.0675279986258913,0.00293207396352412,0.00648378824391182,0.0305099735749461,0.0675279986258913,0.00293207396352412,0.00648378824391182,0.0863389752884385,0.190254930136214,0.00758745792379035,0.0169237292275598,0.139264548607019,0.303040798517937,0.0104979461636805,0.0233652706656172,0.139264548607019,0.303040798517937,0.0104979461636805,0.0233652706656172,0,0,0,0,0,0,0,0,0,0,0,0,0,0,0,0,0,0,0,0,0,0,0,0,0,0,0,0,0,0,0,0,0,0,0,0,0,0,0,0,0,0,0,0,0,0,0,0,0,0,0,0,0,0,0,0,0,0,0,0,0,0,0,0,0,0,0,0,0,0,0,0,0,0,0,0,0,0,0,0,0,0,0,0,0,0,0,0,0,0,0,0,0,0,0,0,0,0,0,0,0,0,0,0,0,0,0,0,0,0,0,0,0,0,0,0,0,0,0,0,0,0,0,0,0,0,0,0,0,0,0,0,0,0,0,0,0,0,0,0
76,0.00303558772107709,0.0068894130395402,0.000892241729977091,0.00196249190954936,0.0305234465511335,0.0676290108061852,0.0029356508430722,0.00649846585894943,0.0305234465511335,0.0676290108061852,0.0029356508430722,0.00649846585894943,0.0862935083328174,0.190335444982279,0.00758550357657093,0.0169375391221855,0.139151083618157,0.303038586619032,0.0104909703240271,0.0233743590806337,0.139151083618157,0.303038586619032,0.0104909703240271,0.0233743590806337,0,0,0,0,0,0,0,0,0,0,0,0,0,0,0,0,0,0,0,0,0,0,0,0,0,0,0,0,0,0,0,0,0,0,0,0,0,0,0,0,0,0,0,0,0,0,0,0,0,0,0,0,0,0,0,0,0,0,0,0,0,0,0,0,0,0,0,0,0,0,0,0,0,0,0,0,0,0,0,0,0,0,0,0,0,0,0,0,0,0,0,0,0,0,0,0,0,0,0,0,0,0,0,0,0,0,0,0,0,0,0,0,0,0,0,0,0,0,0,0,0,0,0,0,0,0,0,0,0,0,0,0,0,0,0,0,0,0,0,0
77,0.00303297611207049,0.00689271216021143,0.000891328217232751,0.00196238720848013,0.0305351823583583,0.0677262303085453,0.00293896287336464,0.00651257803353176,0.0305351823583583,0.0677262303085453,0.00293896287336464,0.00651257803353176,0.0862464725441929,0.190411962875987,0.00758330983244681,0.016950778419902,0.139036539482371,0.303033055018441,0.0104838154886616,0.023382972861129,0.139036539482371,0.303033055018441,0.0104838154886616,0.023382972861129,0,0,0,0,0,0,0,0,0,0,0,0,0,0,0,0,0,0,0,0,0,0,0,0,0,0,0,0,0,0,0,0,0,0,0,0,0,0,0,0,0,0,0,0,0,0,0,0,0,0,0,0,0,0,0,0,0,0,0,0,0,0,0,0,0,0,0,0,0,0,0,0,0,0,0,0,0,0,0,0,0,0,0,0,0,0,0,0,0,0,0,0,0,0,0,0,0,0,0,0,0,0,0,0,0,0,0,0,0,0,0,0,0,0,0,0,0,0,0,0,0,0,0,0,0,0,0,0,0,0,0,0,0,0,0,0,0,0,0,0
78,0.00303039420779977,0.00689604704762242,0.000890425553097171,0.00196229780633794,0.0305452525743934,0.0678198020778369,0.00294202118674227,0.00652614735235469,0.0305452525743934,0.0678198020778369,0.00294202118674227,0.00652614735235469,0.0861979390100011,0.190484636243823,0.00758088755824845,0.0169634701530916,0.138920975883556,0.303024339182951,0.0104764907534818,0.0233911320345205,0.138920975883556,0.303024339182951,0.0104764907534818,0.0233911320345205,0,0,0,0,0,0,0,0,0,0,0,0,0,0,0,0,0,0,0,0,0,0,0,0,0,0,0,0,0,0,0,0,0,0,0,0,0,0,0,0,0,0,0,0,0,0,0,0,0,0,0,0,0,0,0,0,0,0,0,0,0,0,0,0,0,0,0,0,0,0,0,0,0,0,0,0,0,0,0,0,0,0,0,0,0,0,0,0,0,0,0,0,0,0,0,0,0,0,0,0,0,0,0,0,0,0,0,0,0,0,0,0,0,0,0,0,0,0,0,0,0,0,0,0,0,0,0,0,0,0,0,0,0,0,0,0,0,0,0,0
79,0.00302784104218506,0.00689941603967977,0.000889533382625756,0.00196222307020115,0.0305537258476134,0.0679098651871852,0.00294483645129985,0.00653919546666141,0.0305537258476134,0.0679098651871852,0.00294483645129985,0.00653919546666141,0.0861479758257927,0.19055361120187,0.00757824715082753,0.016975636370832,0.138804449844937,0.303012568683173,0.01046900480096,0.0233988557337507,0.138804449844937,0.303012568683173,0.01046900480096,0.0233988557337507,0,0,0,0,0,0,0,0,0,0,0,0,0,0,0,0,0,0,0,0,0,0,0,0,0,0,0,0,0,0,0,0,0,0,0,0,0,0,0,0,0,0,0,0,0,0,0,0,0,0,0,0,0,0,0,0,0,0,0,0,0,0,0,0,0,0,0,0,0,0,0,0,0,0,0,0,0,0,0,0,0,0,0,0,0,0,0,0,0,0,0,0,0,0,0,0,0,0,0,0,0,0,0,0,0,0,0,0,0,0,0,0,0,0,0,0,0,0,0,0,0,0,0,0,0,0,0,0,0,0,0,0,0,0,0,0,0,0,0,0
80,0.00302531568243717,0.00690281753099146,0.00088865136285293,0.00196216238841427,0.0305606680226808,0.0679965530898616,0.00294741889056139,0.00655174313362163,0.0305606680226808,0.0679965530898616,0.00294741889056139,0.00655174313362163,0.0860966482364744,0.19061902785551,0.00757539855928224,0.0169872981854935,0.13868701587187,0.302997867509767,0.0104613659219411,0.0234061622444183,0.13868701587187,0.302997867509767,0.0104613659219411,0.0234061622444183,0,0,0,0,0,0,0,0,0,0,0,0,0,0,0,0,0,0,0,0,0,0,0,0,0,0,0,0,0,0,0,0,0,0,0,0,0,0,0,0,0,0,0,0,0,0,0,0,0,0,0,0,0,0,0,0,0,0,0,0,0,0,0,0,0,0,0,0,0,0,0,0,0,0,0,0,0,0,0,0,0,0,0,0,0,0,0,0,0,0,0,0,0,0,0,0,0,0,0,0,0,0,0,0,0,0,0,0,0,0,0,0,0,0,0,0,0,0,0,0,0,0,0,0,0,0,0,0,0,0,0,0,0,0,0,0,0,0,0,0
81,0.00302281722878226,0.00690624997298872,0.000887779162726741,0.00196211517063688,0.0305661422602431,0.0680799938590666,0.00294977830232087,0.00656381025405011,0.0305661422602431,0.0680799938590666,0.00294977830232087,0.00656381025405011,0.0860440187682723,0.190681020579144,0.00757235130584264,0.0169984758164999,0.138568726082671,0.302980354363288,0.0104535820358164,0.0234130690483989,0.138568726082671,0.302980354363288,0.0104535820358164,0.0234130690483989,0,0,0,0,0,0,0,0,0,0,0,0,0,0,0,0,0,0,0,0,0,0,0,0,0,0,0,0,0,0,0,0,0,0,0,0,0,0,0,0,0,0,0,0,0,0,0,0,0,0,0,0,0,0,0,0,0,0,0,0,0,0,0,0,0,0,0,0,0,0,0,0,0,0,0,0,0,0,0,0,0,0,0,0,0,0,0,0,0,0,0,0,0,0,0,0,0,0,0,0,0,0,0,0,0,0,0,0,0,0,0,0,0,0,0,0,0,0,0,0,0,0,0,0,0,0,0,0,0,0,0,0,0,0,0,0,0,0,0,0
82,0.00302034481399033,0.00690971187358588,0.000886916462969732,0.00196208084772625,0.0305702091509939,0.0681603104163343,0.00295192407668036,0.0065754159085268,0.0305702091509939,0.0681603104163343,0.00295192407668036,0.0065754159085268,0.085990147352397,0.190739718278052,0.00756911450553514,0.017009188631506,0.138449630329021,0.302960142921063,0.0104456607092544,0.0234195928643405,0.138449630329021,0.302960142921063,0.0104456607092544,0.0234195928643405,0,0,0,0,0,0,0,0,0,0,0,0,0,0,0,0,0,0,0,0,0,0,0,0,0,0,0,0,0,0,0,0,0,0,0,0,0,0,0,0,0,0,0,0,0,0,0,0,0,0,0,0,0,0,0,0,0,0,0,0,0,0,0,0,0,0,0,0,0,0,0,0,0,0,0,0,0,0,0,0,0,0,0,0,0,0,0,0,0,0,0,0,0,0,0,0,0,0,0,0,0,0,0,0,0,0,0,0,0,0,0,0,0,0,0,0,0,0,0,0,0,0,0,0,0,0,0,0,0,0,0,0,0,0,0,0,0,0,0,0
83,0.00301789760275145,0.00691320179647488,0.000886062955881763,0.00196205887148763,0.0305729268244215,0.0682376207492252,0.00295386521331685,0.00658657839198042,0.0305729268244215,0.0682376207492252,0.00295386521331685,0.00658657839198042,0.0859350914412447,0.190795244634227,0.00756569688473024,0.0170194551852166,0.138329776307271,0.302937342083924,0.0104376091736396,0.0234257496853653,0.138329776307271,0.302937342083924,0.0104376091736396,0.0234257496853653,0,0,0,0,0,0,0,0,0,0,0,0,0,0,0,0,0,0,0,0,0,0,0,0,0,0,0,0,0,0,0,0,0,0,0,0,0,0,0,0,0,0,0,0,0,0,0,0,0,0,0,0,0,0,0,0,0,0,0,0,0,0,0,0,0,0,0,0,0,0,0,0,0,0,0,0,0,0,0,0,0,0,0,0,0,0,0,0,0,0,0,0,0,0,0,0,0,0,0,0,0,0,0,0,0,0,0,0,0,0,0,0,0,0,0,0,0,0,0,0,0,0,0,0,0,0,0,0,0,0,0,0,0,0,0,0,0,0,0,0
84,0.00301547479093591,0.00691671836013472,0.000885218345097839,0.00196204871432021,0.0305743510525414,0.0683120381189208,0.00295561033800887,0.00659731524679636,0.0305743510525414,0.0683120381189208,0.00295561033800887,0.00659731524679636,0.085878906117855,0.19084771833772,0.0075621067986657,0.0170292932560403,0.138209209661724,0.302912056205226,0.0104294343413563,0.0234315548142659,0.138209209661724,0.302912056205226,0.0104294343413563,0.0234315548142659,0,0,0,0,0,0,0,0,0,0,0,0,0,0,0,0,0,0,0,0,0,0,0,0,0,0,0,0,0,0,0,0,0,0,0,0,0,0,0,0,0,0,0,0,0,0,0,0,0,0,0,0,0,0,0,0,0,0,0,0,0,0,0,0,0,0,0,0,0,0,0,0,0,0,0,0,0,0,0,0,0,0,0,0,0,0,0,0,0,0,0,0,0,0,0,0,0,0,0,0,0,0,0,0,0,0,0,0,0,0,0,0,0,0,0,0,0,0,0,0,0,0,0,0,0,0,0,0,0,0,0,0,0,0,0,0,0,0,0,0
85,0.00301307560476829,0.00692026023662197,0.000884382345311784,0.00196204986878223,0.0305745353488896,0.0683836712582813,0.00295716771845287,0.00660764329450833,0.0305745353488896,0.0683836712582813,0.00295716771845287,0.00660764329450833,0.0858216441992426,0.190897253304857,0.00755835224802591,0.0170387198807533,0.13808797408086,0.302884385304195,0.0104211428210294,0.0234370228964445,0.13808797408086,0.302884385304195,0.0104211428210294,0.0234370228964445,0,0,0,0,0,0,0,0,0,0,0,0,0,0,0,0,0,0,0,0,0,0,0,0,0,0,0,0,0,0,0,0,0,0,0,0,0,0,0,0,0,0,0,0,0,0,0,0,0,0,0,0,0,0,0,0,0,0,0,0,0,0,0,0,0,0,0,0,0,0,0,0,0,0,0,0,0,0,0,0,0,0,0,0,0,0,0,0,0,0,0,0,0,0,0,0,0,0,0,0,0,0,0,0,0,0,0,0,0,0,0,0,0,0,0,0,0,0,0,0,0,0,0,0,0,0,0,0,0,0,0,0,0,0,0,0,0,0,0,0
86,0.00301069929993983,0.00692382615019694,0.000883554681974666,0.00196206184709462,0.0305735310630287,0.0684526245608895,0.00295854527939886,0.00661757866613179,0.0305735310630287,0.0684526245608895,0.00295854527939886,0.00661757866613179,0.0857633563341397,0.190943958884492,0.00755444089464962,0.0170477513873258,0.137966111387263,0.302854425265315,0.0104127409318246,0.0234421679508118,0.137966111387263,0.302854425265315,0.0104127409318246,0.0234421679508118,0,0,0,0,0,0,0,0,0,0,0,0,0,0,0,0,0,0,0,0,0,0,0,0,0,0,0,0,0,0,0,0,0,0,0,0,0,0,0,0,0,0,0,0,0,0,0,0,0,0,0,0,0,0,0,0,0,0,0,0,0,0,0,0,0,0,0,0,0,0,0,0,0,0,0,0,0,0,0,0,0,0,0,0,0,0,0,0,0,0,0,0,0,0,0,0,0,0,0,0,0,0,0,0,0,0,0,0,0,0,0,0,0,0,0,0,0,0,0,0,0,0,0,0,0,0,0,0,0,0,0,0,0,0,0,0,0,0,0,0
87,0.00300834516067906,0.00692741487583046,0.000882735090975372,0.00196208418059926,0.0305713874708058,0.068518998261562,0.00295975061713388,0.00662713683119571,0.0305713874708058,0.068518998261562,0.00295975061713388,0.00662713683119571,0.0857040910956139,0.1909879400533,0.00755038007642981,0.0170564034260472,0.137843661621939,0.302822268025272,0.0104042347168936,0.0234470033988339,0.137843661621939,0.302822268025272,0.0104042347168936,0.0234470033988339,0,0,0,0,0,0,0,0,0,0,0,0,0,0,0,0,0,0,0,0,0,0,0,0,0,0,0,0,0,0,0,0,0,0,0,0,0,0,0,0,0,0,0,0,0,0,0,0,0,0,0,0,0,0,0,0,0,0,0,0,0,0,0,0,0,0,0,0,0,0,0,0,0,0,0,0,0,0,0,0,0,0,0,0,0,0,0,0,0,0,0,0,0,0,0,0,0,0,0,0,0,0,0,0,0,0,0,0,0,0,0,0,0,0,0,0,0,0,0,0,0,0,0,0,0,0,0,0,0,0,0,0,0,0,0,0,0,0,0,0
88,0.00300601249879685,0.00693102523762781,0.000881923318309337,0.00196211641918511,0.0305681518605803,0.0685828886087771,0.00296079101334081,0.00663633262552726,0.0305681518605803,0.0685828886087771,0.00296079101334081,0.00663633262552726,0.0856438950689702,0.191029297601005,0.00754617682146284,0.0170646909990723,0.137720663123595,0.302788001748675,0.0103956299560419,0.0234515420918933,0.137720663123595,0.302788001748675,0.0103956299560419,0.0234515420918933,0,0,0,0,0,0,0,0,0,0,0,0,0,0,0,0,0,0,0,0,0,0,0,0,0,0,0,0,0,0,0,0,0,0,0,0,0,0,0,0,0,0,0,0,0,0,0,0,0,0,0,0,0,0,0,0,0,0,0,0,0,0,0,0,0,0,0,0,0,0,0,0,0,0,0,0,0,0,0,0,0,0,0,0,0,0,0,0,0,0,0,0,0,0,0,0,0,0,0,0,0,0,0,0,0,0,0,0,0,0,0,0,0,0,0,0,0,0,0,0,0,0,0,0,0,0,0,0,0,0,0,0,0,0,0,0,0,0,0,0
89,0.00300370065271909,0.0069346561071998,0.000881119119740385,0.00196215813069305,0.0305638696156285,0.0686443880294371,0.00296167344835925,0.00664518027784245,0.0305638696156285,0.0686443880294371,0.00296167344835925,0.00664518027784245,0.0855828129352908,0.191068128306307,0.00754183786149801,0.0170726284884982,0.137597152603366,0.302751710993673,0.0103869321776842,0.0234557963371067,0.137597152603366,0.302751710993673,0.0103869321776842,0.0234557963371067,0,0,0,0,0,0,0,0,0,0,0,0,0,0,0,0,0,0,0,0,0,0,0,0,0,0,0,0,0,0,0,0,0,0,0,0,0,0,0,0,0,0,0,0,0,0,0,0,0,0,0,0,0,0,0,0,0,0,0,0,0,0,0,0,0,0,0,0,0,0,0,0,0,0,0,0,0,0,0,0,0,0,0,0,0,0,0,0,0,0,0,0,0,0,0,0,0,0,0,0,0,0,0,0,0,0,0,0,0,0,0,0,0,0,0,0,0,0,0,0,0,0,0,0,0,0,0,0,0,0,0,0,0,0,0,0,0,0,0,0
90,0.00300140898651735,0.00693830640200517,0.000880322260459654,0.00196220890030831,0.030558584292916,0.0687035852863542,0.00296240461387426,0.00665369343519371,0.030558584292916,0.0687035852863542,0.00296240461387426,0.00665369343519371,0.0855208875509297,0.191104525104201,0.00753736964473356,0.0170802296830672,0.137473165215411,0.302713476868373,0.0103781466701476,0.0234597779217291,0.137473165215411,0.302713476868373,0.0103781466701476,0.0234597779217291,0,0,0,0,0,0,0,0,0,0,0,0,0,0,0,0,0,0,0,0,0,0,0,0,0,0,0,0,0,0,0,0,0,0,0,0,0,0,0,0,0,0,0,0,0,0,0,0,0,0,0,0,0,0,0,0,0,0,0,0,0,0,0,0,0,0,0,0,0,0,0,0,0,0,0,0,0,0,0,0,0,0,0,0,0,0,0,0,0,0,0,0,0,0,0,0,0,0,0,0,0,0,0,0,0,0,0,0,0,0,0,0,0,0,0,0,0,0,0,0,0,0,0,0,0,0,0,0,0,0,0,0,0,0,0,0,0,0,0,0
91,0.00299913688894595,0.0069419750836838,0.000879532514744836,0.0019622683299477,0.0305523376984189,0.0687605656288257,0.0029629909250577,0.00666188518732366,0.0305523376984189,0.0687605656288257,0.0029629909250577,0.00666188518732366,0.0854581600232397,0.191138577245282,0.0075327783480006,0.0170875078035879,0.137348734623746,0.30267337717888,0.0103692784923726,0.0234634981362539,0.137348734623746,0.30267337717888,0.0103692784923726,0.0234634981362539,0,0,0,0,0,0,0,0,0,0,0,0,0,0,0,0,0,0,0,0,0,0,0,0,0,0,0,0,0,0,0,0,0,0,0,0,0,0,0,0,0,0,0,0,0,0,0,0,0,0,0,0,0,0,0,0,0,0,0,0,0,0,0,0,0,0,0,0,0,0,0,0,0,0,0,0,0,0,0,0,0,0,0,0,0,0,0,0,0,0,0,0,0,0,0,0,0,0,0,0,0,0,0,0,0,0,0,0,0,0,0,0,0,0,0,0,0,0,0,0,0,0,0,0,0,0,0,0,0,0,0,0,0,0,0,0,0,0,0,0
92,0.00299688377249195,0.00694566115639624,0.000878749665622306,0.00196233603764745,0.0305451699591618,0.0688154109366391,0.00296343853218592,0.00666976808997244,0.0305451699591618,0.0688154109366391,0.00296343853218592,0.00666976808997244,0.0853946697827793,0.191170370447584,0.00752806988837262,0.017094475527151,0.137223893065616,0.302631486569652,0.0103603324840585,0.0234669677963101,0.137223893065616,0.302631486569652,0.0103603324840585,0.0234669677963101,0,0,0,0,0,0,0,0,0,0,0,0,0,0,0,0,0,0,0,0,0,0,0,0,0,0,0,0,0,0,0,0,0,0,0,0,0,0,0,0,0,0,0,0,0,0,0,0,0,0,0,0,0,0,0,0,0,0,0,0,0,0,0,0,0,0,0,0,0,0,0,0,0,0,0,0,0,0,0,0,0,0,0,0,0,0,0,0,0,0,0,0,0,0,0,0,0,0,0,0,0,0,0,0,0,0,0,0,0,0,0,0,0,0,0,0,0,0,0,0,0,0,0,0,0,0,0,0,0,0,0,0,0,0,0,0,0,0,0,0
93,0.00299464907244318,0.00694936366518196,0.000877973504534164,0.00196241165695629,0.0305371195921328,0.0688681998578287,0.00296375333175685,0.00667735418718415,0.0305371195921328,0.0688681998578287,0.00296375333175685,0.00667735418718415,0.0853304546522224,0.191199987041422,0.00752324993423483,0.0171011450102149,0.1370986714117,0.302587876656774,0.0103513132752942,0.0234701972634433,0.1370986714117,0.302587876656774,0.0103513132752942,0.0234701972634433,0,0,0,0,0,0,0,0,0,0,0,0,0,0,0,0,0,0,0,0,0,0,0,0,0,0,0,0,0,0,0,0,0,0,0,0,0,0,0,0,0,0,0,0,0,0,0,0,0,0,0,0,0,0,0,0,0,0,0,0,0,0,0,0,0,0,0,0,0,0,0,0,0,0,0,0,0,0,0,0,0,0,0,0,0,0,0,0,0,0,0,0,0,0,0,0,0,0,0,0,0,0,0,0,0,0,0,0,0,0,0,0,0,0,0,0,0,0,0,0,0,0,0,0,0,0,0,0,0,0,0,0,0,0,0,0,0,0,0,0
94,0.00299243224597814,0.00695308169434574,0.00087720383101177,0.00196249483633744,0.0305282235702231,0.0689190079404852,0.00296394097712822,0.00668465503265594,0.0305282235702231,0.0689190079404852,0.00296394097712822,0.00668465503265594,0.0852655509121704,0.191227506107679,0.00751832391584456,0.0171075279106258,0.136973099223365,0.302542616154699,0.0103422252957087,0.0234731964648611,0.136973099223365,0.302542616154699,0.0103422252957087,0.0234731964648611,0,0,0,0,0,0,0,0,0,0,0,0,0,0,0,0,0,0,0,0,0,0,0,0,0,0,0,0,0,0,0,0,0,0,0,0,0,0,0,0,0,0,0,0,0,0,0,0,0,0,0,0,0,0,0,0,0,0,0,0,0,0,0,0,0,0,0,0,0,0,0,0,0,0,0,0,0,0,0,0,0,0,0,0,0,0,0,0,0,0,0,0,0,0,0,0,0,0,0,0,0,0,0,0,0,0,0,0,0,0,0,0,0,0,0,0,0,0,0,0,0,0,0,0,0,0,0,0,0,0,0,0,0,0,0,0,0,0,0,0
95,0.00299023277128076,0.00695681436587981,0.000876440452357003,0.00196258523858237,0.0305185173853344,0.0689679077589014,0.00296400688869813,0.00669168171017176,0.0305185173853344,0.0689679077589014,0.00296400688869813,0.00669168171017176,0.0851999933640467,0.191253003609919,0.00751329703541139,0.0171136354086345,0.136847204807199,0.302495770996902,0.0103330727831754,0.0234759749122105,0.136847204807199,0.302495770996902,0.0103330727831754,0.0234759749122105,0,0,0,0,0,0,0,0,0,0,0,0,0,0,0,0,0,0,0,0,0,0,0,0,0,0,0,0,0,0,0,0,0,0,0,0,0,0,0,0,0,0,0,0,0,0,0,0,0,0,0,0,0,0,0,0,0,0,0,0,0,0,0,0,0,0,0,0,0,0,0,0,0,0,0,0,0,0,0,0,0,0,0,0,0,0,0,0,0,0,0,0,0,0,0,0,0,0,0,0,0,0,0,0,0,0,0,0,0,0,0,0,0,0,0,0,0,0,0,0,0,0,0,0,0,0,0,0,0,0,0,0,0,0,0,0,0,0,0,0
96,0.00298805014668183,0.00696056083792699,0.000875683183332111,0.00196268254023851,0.0305080351087848,0.0690149690343228,0.002963956263648,0.00669844485316089,0.0305080351087848,0.0690149690343228,0.002963956263648,0.00669844485316089,0.0851338153902378,0.191276552520682,0.00750817427672321,0.0171194782269633,0.136721015266998,0.302447404450894,0.0103238597920993,0.0234785417194533,0.136721015266998,0.302447404450894,0.0103238597920993,0.0234785417194533,0,0,0,0,0,0,0,0,0,0,0,0,0,0,0,0,0,0,0,0,0,0,0,0,0,0,0,0,0,0,0,0,0,0,0,0,0,0,0,0,0,0,0,0,0,0,0,0,0,0,0,0,0,0,0,0,0,0,0,0,0,0,0,0,0,0,0,0,0,0,0,0,0,0,0,0,0,0,0,0,0,0,0,0,0,0,0,0,0,0,0,0,0,0,0,0,0,0,0,0,0,0,0,0,0,0,0,0,0,0,0,0,0,0,0,0,0,0,0,0,0,0,0,0,0,0,0,0,0,0,0,0,0,0,0,0,0,0,0,0
97,0.00298588388982886,0.00696432030328911,0.000874931845858842,0.00196278643105255,0.0304968094491417,0.0690602587505549,0.00296379408526725,0.00670495466341959,0.0304968094491417,0.0690602587505549,0.00296379408526725,0.00670495466341959,0.085067049011631,0.191298222942288,0.00750296041434271,0.0171250666499771,0.136594556553374,0.302397577227932,0.0103145902013112,0.023480905619895,0.136594556553374,0.302397577227932,0.0103145902013112,0.023480905619895,0,0,0,0,0,0,0,0,0,0,0,0,0,0,0,0,0,0,0,0,0,0,0,0,0,0,0,0,0,0,0,0,0,0,0,0,0,0,0,0,0,0,0,0,0,0,0,0,0,0,0,0,0,0,0,0,0,0,0,0,0,0,0,0,0,0,0,0,0,0,0,0,0,0,0,0,0,0,0,0,0,0,0,0,0,0,0,0,0,0,0,0,0,0,0,0,0,0,0,0,0,0,0,0,0,0,0,0,0,0,0,0,0,0,0,0,0,0,0,0,0,0,0,0,0,0,0,0,0,0,0,0,0,0,0,0,0,0,0,0
98,0.00298373353688488,0.00696809198798334,0.000874186268727267,0.00196289661343053,0.0304848718075974,0.0691038412646666,0.00296352513187809,0.00671122092903274,0.0304848718075974,0.0691038412646666,0.00296352513187809,0.00671122092903274,0.0849997249426861,0.191318082222433,0.00749766002239642,0.0171304105420035,0.136467853511138,0.302346347587779,0.0103052677215953,0.0234830749824183,0.136467853511138,0.302346347587779,0.0103052677215953,0.0234830749824183,0,0,0,0,0,0,0,0,0,0,0,0,0,0,0,0,0,0,0,0,0,0,0,0,0,0,0,0,0,0,0,0,0,0,0,0,0,0,0,0,0,0,0,0,0,0,0,0,0,0,0,0,0,0,0,0,0,0,0,0,0,0,0,0,0,0,0,0,0,0,0,0,0,0,0,0,0,0,0,0,0,0,0,0,0,0,0,0,0,0,0,0,0,0,0,0,0,0,0,0,0,0,0,0,0,0,0,0,0,0,0,0,0,0,0,0,0,0,0,0,0,0,0,0,0,0,0,0,0,0,0,0,0,0,0,0,0,0,0,0
99,0.00298159864175686,0.00697187514984835,0.000873446287314588,0.00196301280191543,0.0304722523310033,0.0691457784130145,0.00296315398537813,0.00671725304153067,0.0304722523310033,0.0691457784130145,0.00296315398537813,0.00671725304153067,0.0849318726441666,0.191336195064855,0.00749227748297751,0.0171355193648475,0.13634092992458,0.302293771438805,0.0102958959028698,0.0234850578269703,0.13634092992458,0.302293771438805,0.0102958959028698,0.0234850578269703,0,0,0,0,0,0,0,0,0,0,0,0,0,0,0,0,0,0,0,0,0,0,0,0,0,0,0,0,0,0,0,0,0,0,0,0,0,0,0,0,0,0,0,0,0,0,0,0,0,0,0,0,0,0,0,0,0,0,0,0,0,0,0,0,0,0,0,0,0,0,0,0,0,0,0,0,0,0,0,0,0,0,0,0,0,0,0,0,0,0,0,0,0,0,0,0,0,0,0,0,0,0,0,0,0,0,0,0,0,0,0,0,0,0,0,0,0,0,0,0,0,0,0,0,0,0,0,0,0,0,0,0,0,0,0,0,0,0,0,0
100,0.00297947877535368,0.00697566907720113,0.000872711743314061,0.00196313472268288,0.0304589799626665,0.0691861296128034,0.00296268503941764,0.00672306001231469,0.0304589799626665,0.0691861296128034,0.00296268503941764,0.00672306001231469,0.0848635203736479,0.191352623635328,0.00748681699418135,0.0171404021945407,0.136213808560776,0.302239902433688,0.0102864781410416,0.0234868618393435,0.136213808560776,0.302239902433688,0.0102864781410416,0.0234868618393435,0,0,0,0,0,0,0,0,0,0,0,0,0,0,0,0,0,0,0,0,0,0,0,0,0,0,0,0,0,0,0,0,0,0,0,0,0,0,0,0,0,0,0,0,0,0,0,0,0,0,0,0,0,0,0,0,0,0,0,0,0,0,0,0,0,0,0,0,0,0,0,0,0,0,0,0,0,0,0,0,0,0,0,0,0,0,0,0,0,0,0,0,0,0,0,0,0,0,0,0,0,0,0,0,0,0,0,0,0,0,0,0,0,0,0,0,0,0,0,0,0,0,0,0,0,0,0,0,0,0,0,0,0,0,0,0,0,0,0,0
101,0.00297737352487353,0.00697947308754502,0.000871982484474051,0.00196326211305514,0.0304450824910121,0.0692249519593841,0.00296212250722752,0.00672865048838359,0.0304450824910121,0.0692249519593841,0.00296212250722752,0.00672865048838359,0.0847946952339107,0.191367427663191,0.00748128257779229,0.0171450677373637,0.136086511211027,0.302184792060973,0.010277017684552,0.0234884943852923,0.136086511211027,0.302184792060973,0.010277017684552,0.0234884943852923,0,0,0,0,0,0,0,0,0,0,0,0,0,0,0,0,0,0,0,0,0,0,0,0,0,0,0,0,0,0,0,0,0,0,0,0,0,0,0,0,0,0,0,0,0,0,0,0,0,0,0,0,0,0,0,0,0,0,0,0,0,0,0,0,0,0,0,0,0,0,0,0,0,0,0,0,0,0,0,0,0,0,0,0,0,0,0,0,0,0,0,0,0,0,0,0,0,0,0,0,0,0,0,0,0,0,0,0,0,0,0,0,0,0,0,0,0,0,0,0,0,0,0,0,0,0,0,0,0,0,0,0,0,0,0,0,0,0,0,0
102,0.00297528249312032,0.00698328652632862,0.000871258364347178,0.00196339472103341,0.0304305865962059,0.0692623003194816,0.00296147042911352,0.00673403276739177,0.0304305865962059,0.0692623003194816,0.00296147042911352,0.00673403276739177,0.0847254232193203,0.191380664538651,0.00747567808663821,0.0171495243451761,0.135959058730525,0.302128489732706,0.0102675176406306,0.0234899625240188,0.135959058730525,0.302128489732706,0.0102675176406306,0.0234899625240188,0,0,0,0,0,0,0,0,0,0,0,0,0,0,0,0,0,0,0,0,0,0,0,0,0,0,0,0,0,0,0,0,0,0,0,0,0,0,0,0,0,0,0,0,0,0,0,0,0,0,0,0,0,0,0,0,0,0,0,0,0,0,0,0,0,0,0,0,0,0,0,0,0,0,0,0,0,0,0,0,0,0,0,0,0,0,0,0,0,0,0,0,0,0,0,0,0,0,0,0,0,0,0,0,0,0,0,0,0,0,0,0,0,0,0,0,0,0,0,0,0,0,0,0,0,0,0,0,0,0,0,0,0,0,0,0,0,0,0,0
103,0.00297320529784843,0.00698710876575503,0.000870539242049399,0.0019635323048484,0.0304155178948289,0.0692982274205349,0.00296073267963119,0.00673921481206841,0.0304155178948289,0.0692982274205349,0.00296073267963119,0.00673921481206841,0.0846557292602869,0.191392389406051,0.007470007211629,0.0171537800300888,0.135831471076345,0.302071042868331,0.0102579809812724,0.0234912730210628,0.135831471076345,0.302071042868331,0.0102579809812724,0.0234912730210628,0,0,0,0,0,0,0,0,0,0,0,0,0,0,0,0,0,0,0,0,0,0,0,0,0,0,0,0,0,0,0,0,0,0,0,0,0,0,0,0,0,0,0,0,0,0,0,0,0,0,0,0,0,0,0,0,0,0,0,0,0,0,0,0,0,0,0,0,0,0,0,0,0,0,0,0,0,0,0,0,0,0,0,0,0,0,0,0,0,0,0,0,0,0,0,0,0,0,0,0,0,0,0,0,0,0,0,0,0,0,0,0,0,0,0,0,0,0,0,0,0,0,0,0,0,0,0,0,0,0,0,0,0,0,0,0,0,0,0,0
104,0.00297114157113533,0.00699093920364054,0.000869824982028844,0.00196367463252885,0.0303999009826908,0.0693327839363232,0.00295991297445586,0.00674420426402563,0.0303999009826908,0.0693327839363232,0.00295991297445586,0.00674420426402563,0.0845856372658934,0.19140265525329,0.00746427348849362,0.0171578424785081,0.135703767343844,0.302012496975072,0.0102484105489528,0.023492432360626,0.135703767343844,0.302012496975072,0.0102484105489528,0.023492432360626,0,0,0,0,0,0,0,0,0,0,0,0,0,0,0,0,0,0,0,0,0,0,0,0,0,0,0,0,0,0,0,0,0,0,0,0,0,0,0,0,0,0,0,0,0,0,0,0,0,0,0,0,0,0,0,0,0,0,0,0,0,0,0,0,0,0,0,0,0,0,0,0,0,0,0,0,0,0,0,0,0,0,0,0,0,0,0,0,0,0,0,0,0,0,0,0,0,0,0,0,0,0,0,0,0,0,0,0,0,0,0,0,0,0,0,0,0,0,0,0,0,0,0,0,0,0,0,0,0,0,0,0,0,0,0,0,0,0,0,0
